No.,Year,site,zone,OC - C.baronessa,OC - C.trifascialis,OC - C.lunulatus, OC - C.aureofasciatus,OC - C.bennetti,OC - C.pelewensis,OC - C.plebeius,OC - C.rainfordi,SC - C.melannotus,SC - C.unimaculatus,FC - C.citrinellus,FC - C.ephippium,FC - C.kleinii,FC - C.mertensii,FC - C.speculum,FC - C.ulientensis,NC - C.auriga,NC - C.flavirostris,NC - C.lineolatus,NC - C.lunula,NC - C.rafflesi,NC - C.semion,NC - C.vagabundus,Obligate corallivores,Facultative corallivores,Non corallivores,No. species,Total
1,1995,NR,Flat,2,2,2,0,0,0,4,0,0,0,9,0,0,0,0,0,0,0,0,0,0,0,2,10,9,2,6,21
2,1995,NR,Flat,4,3,4,0,0,0,4,0,1,0,8,0,1,0,0,0,0,0,0,0,0,0,0,16,9,0,7,25
3,1995,NR,Flat,2,1,6,0,0,0,6,0,0,0,12,0,0,0,0,0,0,0,0,0,0,0,2,15,12,2,6,29
4,1995,NR,Flat,3,3,2,0,0,0,5,0,0,0,4,2,0,0,0,0,1,0,0,0,0,0,4,13,6,5,8,24
5,1995,NR,Flat,4,1,2,0,0,0,5,1,0,0,7,0,0,0,0,0,0,0,0,0,1,0,0,13,7,1,7,21
6,1995,NR,Crest,10,4,10,0,0,0,2,0,0,0,1,0,0,0,0,0,0,0,0,0,0,0,0,26,1,0,5,27
7,1995,NR,Crest,7,3,0,0,0,0,1,0,0,0,2,0,0,0,0,0,0,0,0,0,0,0,0,11,2,0,4,13
8,1995,NR,Crest,3,0,4,0,0,0,4,0,0,2,1,0,0,0,0,0,0,0,0,0,0,0,2,13,1,2,6,16
9,1995,NR,Crest,9,1,6,0,0,0,0,0,0,0,0,0,0,0,0,0,1,0,0,0,2,0,0,16,0,3,5,19
10,1995,NR,Crest,9,1,7,1,0,0,0,0,0,0,0,1,0,0,0,0,0,0,0,0,0,0,0,18,1,0,5,19
11,1995,NR,Crest,4,4,3,0,0,0,1,0,0,0,0,0,0,0,0,0,5,0,0,0,0,0,0,12,0,5,5,17
12,1995,NR,Slope,4,0,2,0,0,0,2,0,0,6,1,2,1,0,0,0,0,0,0,0,0,0,0,14,4,0,7,18
13,1995,NR,Slope,4,0,3,0,0,0,3,0,0,2,0,0,2,0,0,0,0,0,0,0,0,0,0,12,2,0,5,14
14,1995,NR,Slope,3,2,2,0,0,0,0,1,0,0,1,6,1,0,1,0,0,0,0,0,0,0,0,8,9,0,8,17
15,1995,NR,Slope,4,0,3,0,0,0,0,0,0,1,0,1,1,0,1,0,0,0,0,0,0,0,2,8,3,2,7,13
16,1995,NR,Slope,2,0,3,0,0,0,1,0,0,2,4,0,0,0,0,0,0,0,0,0,0,0,1,8,4,1,6,13
17,1995,NR,Slope,6,0,7,0,0,0,2,0,1,1,2,0,5,0,0,0,1,0,0,0,0,0,0,17,7,1,8,25
18,1995,NR,Base,1,0,0,0,0,0,0,0,0,0,1,1,2,0,0,0,2,0,0,0,0,0,0,1,4,2,5,7
19,1995,NR,Base,1,0,2,0,0,0,0,0,0,0,0,2,1,0,0,0,3,0,0,0,0,0,0,3,3,3,5,9
20,1995,NR,Base,2,0,1,0,0,0,0,0,0,1,0,0,5,0,0,0,0,0,0,0,0,0,0,4,5,0,4,9
21,1995,NR,Base,1,0,2,0,0,0,0,0,0,0,0,0,2,0,0,0,1,0,0,0,0,0,0,3,2,1,4,6
22,1995,NR,Base,2,0,2,0,0,0,1,0,0,0,0,2,2,0,0,0,0,0,2,0,0,0,1,5,4,3,7,12
23,1995,NR,Base,3,0,0,1,0,0,1,2,5,0,1,1,6,0,0,0,0,0,0,0,0,0,0,12,8,0,8,20
24,1995,NR,Base,2,0,5,0,0,0,1,0,0,1,0,1,8,0,0,0,2,0,0,0,0,0,0,9,9,2,7,20
25,1995,NR,Base,1,0,2,0,0,0,1,0,0,1,2,0,2,0,0,0,0,0,0,0,0,0,0,5,4,0,6,9
26,1995,NR,Base,0,0,2,1,0,0,0,0,1,3,2,0,3,0,0,0,0,0,0,0,0,0,3,7,5,3,7,15
27,1995,WM,Flat,1,0,2,1,0,0,1,0,0,0,3,1,2,0,0,0,0,0,0,0,0,0,3,5,6,3,8,14
28,1995,WM,Flat,2,1,5,1,0,0,0,0,0,0,7,4,0,0,0,0,0,0,0,0,0,0,0,9,11,0,6,20
29,1995,WM,Flat,3,0,2,0,0,0,0,0,0,0,5,0,0,0,0,0,0,0,0,0,2,1,2,5,5,5,6,15
30,1995,WM,Flat,1,0,0,0,0,0,2,0,1,0,3,0,0,0,0,0,0,0,0,0,0,0,2,4,3,2,5,9
31,1995,WM,Flat,0,0,2,0,0,0,2,0,0,0,7,0,0,0,0,0,0,0,0,0,0,0,2,4,7,2,4,13
32,1995,WM,Flat,1,1,6,0,0,0,4,0,2,0,1,0,0,0,0,0,0,0,0,0,0,0,1,14,1,1,7,16
33,1995,WM,Flat,2,1,8,2,0,0,4,0,1,0,6,2,0,0,2,0,0,0,0,0,0,0,3,18,10,3,10,31
34,1995,WM,Crest,4,0,2,0,0,0,0,0,0,0,2,0,0,0,0,0,0,0,0,0,0,0,4,6,2,4,4,12
35,1995,WM,Crest,7,1,4,0,0,0,1,0,0,0,0,0,0,0,0,0,0,0,1,0,0,0,2,13,0,3,6,16
36,1995,WM,Crest,6,1,4,1,0,0,0,0,0,0,0,0,0,0,0,0,2,0,2,0,2,0,7,12,0,13,8,25
37,1995,WM,Crest,5,1,0,0,0,0,0,0,0,0,0,0,0,0,0,0,0,0,0,0,0,0,0,6,0,0,2,6
38,1995,WM,Crest,1,3,0,0,0,0,2,0,2,0,0,0,0,0,0,0,0,0,0,0,0,0,0,8,0,0,4,8
39,1995,WM,Crest,4,4,0,3,0,0,0,0,0,0,0,0,0,0,0,0,0,0,0,0,0,0,0,11,0,0,3,11
40,1995,WM,Crest,4,1,2,1,0,0,0,0,0,0,0,0,0,0,0,0,0,0,0,0,0,0,5,8,0,5,5,13
41,1995,WM,Crest,5,0,2,1,0,0,0,0,0,0,2,0,0,0,0,0,0,0,0,0,2,0,3,8,2,5,6,15
42,1995,WM,Slope,1,0,4,0,0,0,0,2,0,0,0,0,0,0,0,0,0,0,0,0,0,0,2,7,0,2,4,9
43,1995,WM,Slope,0,0,5,4,0,0,0,0,0,0,0,0,0,0,0,0,0,0,0,0,0,0,0,9,0,0,2,9
44,1995,WM,Slope,0,0,5,1,0,0,1,0,0,0,0,0,0,0,0,0,1,0,0,0,0,0,1,7,0,2,5,9
45,1995,WM,Slope,1,0,11,3,0,0,0,0,0,0,0,0,0,0,0,0,0,0,0,0,0,0,0,15,0,0,3,15
46,1995,WM,Slope,1,0,5,2,0,0,1,0,2,0,0,0,0,0,0,0,0,0,0,0,0,0,0,11,0,0,5,11
47,1995,WM,Slope,5,0,7,0,0,0,0,0,0,0,0,0,0,0,0,0,0,0,0,0,0,0,4,12,0,4,3,16
48,1995,WM,Slope,2,0,1,1,0,0,4,0,0,0,0,2,0,0,0,0,0,0,0,0,0,0,0,8,2,0,5,10
49,1995,WM,Slope,1,0,10,2,0,0,0,0,0,0,0,0,1,0,0,0,0,0,0,0,0,0,4,13,1,4,5,18
50,1995,WM,Slope,2,1,4,2,0,0,0,1,0,0,0,0,0,0,0,0,0,0,0,0,0,0,0,10,0,0,5,10
51,1995,WM,Base,0,0,2,3,0,0,0,0,0,0,0,8,0,0,0,0,4,0,0,0,0,0,1,5,8,5,5,18
52,1995,WM,Base,0,0,5,0,0,0,0,0,0,0,0,0,3,0,0,0,2,0,0,0,0,0,0,5,3,2,3,10
53,1995,WM,Base,0,0,0,0,0,0,0,0,2,0,0,0,3,0,3,0,0,0,0,0,0,0,2,2,6,2,4,10
54,1995,WM,Base,1,0,2,1,0,0,0,0,0,0,0,2,3,0,0,0,0,0,0,0,0,0,0,4,5,0,5,9
55,1995,WM,Base,0,0,8,2,0,0,0,0,0,0,0,0,1,0,0,0,0,0,1,0,0,0,0,10,1,1,4,12
56,1995,WM,Base,0,0,4,0,0,0,0,0,0,0,0,0,4,0,0,0,0,0,0,0,0,0,0,4,4,0,2,8
57,1995,WM,Base,0,0,4,0,0,0,0,0,0,0,0,0,0,0,0,0,0,0,0,0,0,0,0,4,0,0,1,4
58,1995,WM,Base,2,0,6,0,0,0,0,0,1,0,1,0,4,0,0,0,1,0,0,0,0,0,1,9,5,2,7,16
59,1995,WM,Base,0,0,2,0,0,0,1,0,0,1,0,2,1,0,0,0,1,0,0,0,0,0,0,4,3,1,6,8
60,1995,WM,Base,0,0,4,0,0,0,0,0,0,0,1,0,2,0,0,0,0,0,0,0,0,0,2,4,3,2,4,9
61,1995,LH,Flat,1,0,4,0,0,0,0,0,0,0,5,0,1,0,0,0,0,0,0,0,0,0,2,5,6,2,5,13
62,1995,LH,Flat,1,1,1,0,0,0,0,0,0,0,6,0,1,0,0,0,0,0,0,0,0,0,0,3,7,0,5,10
63,1995,LH,Flat,1,3,0,0,0,0,2,0,1,0,6,0,0,0,4,0,0,0,0,0,0,0,0,7,10,0,6,17
64,1995,LH,Flat,0,0,0,0,0,0,0,0,0,0,5,0,1,0,1,0,0,0,0,0,0,0,3,0,7,3,4,10
65,1995,LH,Flat,0,0,0,0,0,0,0,0,0,0,5,0,0,0,0,0,0,0,0,0,0,0,1,0,5,1,2,6
66,1995,LH,Flat,0,0,2,0,0,0,1,0,1,1,7,0,0,0,0,1,0,0,0,0,0,0,1,5,8,1,7,14
67,1995,LH,Flat,0,0,4,0,0,0,0,0,1,0,2,0,1,0,0,0,0,0,0,0,0,0,1,5,3,1,5,9
68,1995,LH,Flat,1,0,4,0,0,0,0,1,0,0,2,0,0,0,0,0,0,0,0,0,2,0,4,6,2,6,6,14
69,1995,LH,Flat,2,1,2,0,0,0,0,3,0,0,5,0,0,0,0,0,0,0,0,0,0,0,0,8,5,0,5,13
70,1995,LH,Crest,3,2,2,0,0,0,0,0,1,1,0,1,0,0,0,0,0,0,0,0,0,0,2,9,1,2,7,12
71,1995,LH,Crest,0,1,3,0,0,0,0,1,1,1,0,0,0,0,0,0,1,0,0,0,0,0,1,7,0,2,7,9
72,1995,LH,Crest,0,1,6,0,0,0,0,0,1,1,3,2,0,0,0,0,0,0,0,0,0,0,4,9,5,4,7,18
73,1995,LH,Crest,2,2,3,0,0,0,0,0,1,1,0,0,1,0,0,0,1,0,0,0,0,0,2,9,1,3,8,13
74,1995,LH,Crest,2,0,3,0,0,0,0,0,1,2,0,0,2,0,0,0,0,0,0,3,0,0,2,8,2,5,7,15
75,1995,LH,Crest,0,1,3,0,0,0,0,1,1,1,0,0,0,0,0,0,0,0,0,0,0,0,3,7,0,3,6,10
76,1995,LH,Crest,2,1,0,0,0,0,0,0,0,0,4,0,0,0,0,0,1,0,0,0,0,0,0,3,4,1,4,8
77,1995,LH,Crest,2,0,3,0,0,0,0,0,2,0,0,2,0,0,0,0,0,0,0,0,0,0,3,7,2,3,5,12
78,1995,LH,Crest,3,1,2,0,0,0,0,0,1,0,0,0,0,0,0,0,1,0,0,0,0,0,1,7,0,2,6,9
79,1995,LH,Crest,2,0,1,0,0,0,0,0,1,2,5,0,0,0,0,0,0,0,0,0,0,0,2,6,5,2,6,13
80,1995,LH,Slope,2,0,2,0,0,0,0,0,0,0,0,0,0,0,0,0,2,0,0,0,0,0,1,4,0,3,4,7
81,1995,LH,Slope,0,0,1,0,0,0,0,3,0,0,0,0,0,0,1,0,2,0,0,0,0,0,0,4,1,2,4,7
82,1995,LH,Slope,3,0,3,0,0,0,1,0,1,0,0,1,0,0,0,0,2,0,0,0,0,0,2,8,1,4,7,13
83,1995,LH,Slope,2,0,5,0,0,0,3,1,1,0,0,0,0,0,0,0,2,0,0,0,0,0,3,12,0,5,7,17
84,1995,LH,Slope,2,0,2,0,0,0,1,1,0,0,0,0,0,0,0,0,1,0,0,0,0,0,2,6,0,3,6,9
85,1995,LH,Slope,0,0,0,0,0,0,0,2,4,1,0,0,1,0,0,2,0,0,0,0,0,0,2,7,3,2,6,12
86,1995,LH,Slope,0,0,2,0,0,0,0,0,2,0,0,0,0,0,0,0,0,0,0,0,0,0,4,4,0,4,3,8
87,1995,LH,Slope,0,0,1,0,0,0,0,2,1,0,0,0,0,0,0,0,1,0,0,0,0,0,0,4,0,1,4,5
88,1995,LH,Slope,0,0,0,1,0,0,0,1,1,0,0,3,1,0,0,0,0,0,0,0,0,0,2,3,4,2,6,9
89,1995,LH,Slope,0,0,3,0,0,0,0,2,0,0,0,2,0,0,0,0,0,0,0,0,0,0,0,5,2,0,3,7
90,1995,LH,Slope,0,0,2,0,0,0,0,1,1,0,0,0,1,0,0,1,1,0,0,0,0,0,2,4,2,3,7,9
91,1995,LH,Base,0,0,2,0,0,0,0,0,0,0,0,0,1,0,0,0,3,0,0,0,0,0,0,2,1,3,3,6
92,1995,LH,Base,0,0,0,0,0,0,0,1,1,0,0,0,3,0,0,1,1,0,0,0,0,0,1,2,4,2,6,8
93,1995,LH,Base,0,0,1,0,0,0,0,1,0,0,0,0,0,0,0,0,2,0,0,0,0,0,1,2,0,3,4,5
94,1995,LH,Base,0,0,2,0,0,0,0,0,1,1,0,0,4,0,0,0,2,0,0,0,0,0,1,4,4,3,6,11
95,1995,LH,Base,0,0,1,0,0,0,0,1,0,1,0,0,3,0,0,0,2,0,0,0,0,0,1,3,3,3,6,9
96,1995,LH,Base,0,0,1,0,0,0,0,1,0,2,0,0,2,0,0,0,2,0,0,0,0,0,1,4,2,3,6,9
97,1995,LH,Base,0,0,6,0,0,0,0,0,0,0,0,1,3,0,0,1,0,0,0,0,0,0,0,6,5,0,4,11
98,1995,LH,Base,0,0,5,0,0,0,0,1,1,0,0,0,4,0,0,0,0,0,0,0,0,0,3,7,4,3,5,14
99,1995,LH,Base,0,0,1,0,0,0,0,0,0,0,0,0,2,0,0,0,0,0,0,0,0,0,3,1,2,3,3,6
100,1995,LH,Base,0,0,1,0,0,0,0,1,0,0,0,1,1,0,0,0,1,0,0,0,0,0,2,2,2,3,6,7
101,1995,LH,Base,0,0,0,0,0,0,0,1,0,0,2,2,2,0,0,0,0,0,0,0,0,0,0,1,6,0,4,7
102,1995,LH,Base,0,0,3,0,0,0,0,0,1,0,0,0,1,0,0,1,0,0,0,0,0,0,3,4,2,3,5,9
103,1995,SI,Flat,0,1,2,0,0,0,1,1,0,0,6,0,0,0,0,0,0,0,0,0,0,0,1,5,6,1,6,12
104,1995,SI,Flat,3,4,4,0,0,0,0,0,0,0,3,0,0,0,0,0,0,0,0,0,0,0,6,11,3,6,5,20
105,1995,SI,Flat,0,2,4,0,0,0,1,4,0,0,3,0,0,0,0,0,3,0,0,0,2,0,0,11,3,5,7,19
106,1995,SI,Flat,1,2,4,0,0,0,3,1,0,0,5,1,0,0,0,0,2,0,0,0,0,0,4,11,6,6,9,23
107,1995,SI,Flat,1,3,4,0,0,0,0,0,0,0,2,0,0,0,0,0,0,0,0,0,0,0,2,8,2,2,5,12
108,1995,SI,Flat,3,2,0,1,0,0,1,5,0,2,5,0,0,0,0,0,0,0,0,0,0,0,2,14,5,2,8,21
109,1995,SI,Crest,3,5,1,2,0,0,0,0,0,0,0,0,0,0,0,0,0,0,0,0,0,0,0,11,0,0,4,11
110,1995,SI,Crest,3,2,2,2,0,0,0,0,0,4,0,0,0,0,0,0,1,0,0,0,0,0,3,13,0,4,7,17
111,1995,SI,Crest,7,6,2,0,0,0,0,3,0,0,0,0,0,0,0,0,1,0,1,0,0,0,2,18,0,4,7,22
112,1995,SI,Crest,4,2,2,0,0,0,0,0,0,4,0,0,0,0,0,0,1,0,0,0,0,0,3,12,0,4,6,16
113,1995,SI,Crest,5,3,0,2,0,0,1,0,1,0,0,0,0,0,0,0,3,0,0,0,0,0,2,12,0,5,7,17
114,1995,SI,Crest,8,2,4,0,0,0,0,0,0,0,0,0,0,0,0,0,1,0,0,0,0,0,2,14,0,3,5,17
115,1995,SI,Slope,2,1,1,0,0,0,0,1,0,0,0,0,0,0,0,0,3,0,0,0,0,0,1,5,0,4,6,9
116,1995,SI,Slope,0,0,2,1,0,0,0,1,0,2,0,0,0,0,0,0,1,0,0,0,0,0,0,6,0,1,5,7
117,1995,SI,Slope,3,0,1,0,0,0,0,0,0,0,0,0,0,0,0,0,2,0,0,0,0,0,1,4,0,3,4,7
118,1995,SI,Slope,2,0,0,0,0,0,0,0,0,0,0,0,0,0,0,0,0,0,0,0,0,0,1,2,0,1,2,3
119,1995,SI,Slope,0,2,0,1,0,0,1,0,0,0,0,0,0,0,0,0,0,0,0,0,0,0,2,4,0,2,4,6
120,1995,SI,Slope,4,0,2,0,0,0,0,2,0,0,0,0,0,0,0,0,0,0,1,0,0,0,0,8,0,1,4,9
121,1995,SI,Slope,0,2,0,0,0,0,0,2,0,2,0,0,0,0,0,0,2,0,1,0,0,0,3,6,0,6,6,12
122,1995,SI,Slope,0,0,2,0,0,0,1,2,0,0,0,3,0,0,0,0,0,0,1,0,0,0,3,5,3,4,6,12
123,1995,SI,Slope,1,2,1,0,0,0,0,0,0,0,0,0,2,0,0,0,1,0,1,0,0,0,0,4,2,2,6,8
124,1995,SI,Slope,0,0,2,0,0,0,0,2,0,1,0,0,0,0,0,0,0,0,0,0,0,0,0,5,0,0,3,5
125,1995,SI,Slope,3,0,1,0,0,0,0,0,0,2,0,0,0,0,0,0,0,0,0,0,0,0,0,6,0,0,3,6
126,1995,SI,Slope,2,1,2,0,0,0,0,0,0,3,0,0,2,0,0,0,0,0,0,0,0,0,2,8,2,2,6,12
127,1995,SI,Slope,1,0,0,0,0,0,0,0,0,0,0,4,0,0,0,0,1,0,1,0,0,0,0,1,4,2,4,7
128,1995,SI,Base,0,0,0,0,0,0,0,1,0,0,0,0,0,0,0,0,3,0,0,0,0,0,2,1,0,5,3,6
129,1995,SI,Base,0,0,0,0,0,0,0,1,0,0,0,0,1,0,0,0,3,0,0,0,0,0,2,1,1,5,4,7
130,1995,SI,Base,0,0,0,0,0,0,0,2,0,0,0,0,2,0,0,0,1,0,1,0,0,0,0,2,2,2,4,6
131,1995,SI,Base,0,0,0,0,0,0,0,0,0,0,0,0,1,0,0,0,2,0,0,0,0,0,4,0,1,6,3,7
132,1995,SI,Base,0,0,0,0,0,0,0,1,0,0,0,0,2,0,0,0,1,0,0,0,0,0,2,1,2,3,4,6
133,1995,SI,Base,0,0,1,0,0,0,0,1,0,1,0,0,1,0,0,0,3,0,2,0,0,0,1,3,1,6,7,10
134,1995,SI,Base,0,0,0,0,0,0,0,2,0,0,0,0,1,0,0,0,0,0,1,0,0,0,1,2,1,2,4,5
135,1995,SI,Base,0,0,0,0,0,0,0,0,0,0,0,0,3,0,0,0,0,0,0,0,0,0,1,0,3,1,2,4
136,1995,SI,Base,0,0,0,0,0,0,0,1,0,0,0,0,2,0,0,0,1,0,0,0,0,0,0,1,2,1,3,4
137,1995,SI,Base,0,0,2,0,0,0,0,0,0,1,0,0,2,0,0,0,1,0,0,0,0,0,0,3,2,1,4,6
138,1995,SI,Base,0,0,0,0,0,0,0,0,0,0,0,0,0,0,0,0,1,0,1,0,0,0,3,0,0,5,3,5
139,1995,SI,Base,0,0,0,0,0,0,0,2,0,0,0,2,0,0,0,0,0,0,0,0,0,0,0,2,2,0,2,4
140,1995,SI,Base,0,0,0,0,0,0,0,2,0,1,0,0,0,0,0,0,2,0,1,0,0,0,1,3,0,4,5,7
141,1995,SI,Base,0,0,0,0,0,0,0,0,0,0,0,0,3,0,0,1,1,0,0,0,0,0,0,0,4,1,3,5
142,1995,SI,Base,0,0,2,0,0,0,0,0,2,0,0,0,0,0,0,0,1,0,0,0,0,0,0,4,0,1,3,5
143,1995,SI,Base,0,0,0,0,0,0,0,1,0,0,0,0,2,0,0,1,1,0,0,0,0,0,1,1,3,2,5,6
144,1995,SI,Base,0,0,0,0,0,0,0,1,0,0,1,1,0,0,0,0,2,0,0,0,0,0,0,1,2,2,4,5
145,1995,SI,Base,0,0,0,0,0,0,0,1,0,0,0,1,0,0,0,0,1,0,0,0,0,0,3,1,1,4,4,6
146,1996,NR,Flat,7,1,4,0,0,0,2,0,3,0,6,0,0,0,0,0,0,0,0,0,0,0,2,17,6,2,7,25
147,1996,NR,Flat,4,0,2,0,0,0,6,0,0,3,4,2,0,0,0,0,0,0,0,0,0,0,0,15,6,0,6,21
148,1996,NR,Flat,4,3,4,0,0,0,0,0,0,0,5,0,0,0,0,0,3,0,0,0,0,0,2,11,5,5,6,21
149,1996,NR,Flat,0,1,0,0,0,0,0,0,0,1,7,0,0,0,0,0,2,0,0,0,2,0,0,2,7,4,5,13
150,1996,NR,Flat,5,0,6,0,0,0,4,0,0,0,0,0,0,0,0,0,0,0,0,0,0,0,2,15,0,2,4,17
151,1996,NR,Crest,4,2,6,0,0,0,0,0,0,0,3,0,0,0,0,0,0,0,0,0,0,0,1,12,3,1,5,16
152,1996,NR,Crest,5,0,4,0,0,0,2,0,0,2,2,0,2,0,0,0,0,0,0,0,0,0,0,13,4,0,6,17
153,1996,NR,Crest,7,3,8,0,0,0,1,1,0,0,2,0,0,0,0,0,0,0,0,0,0,0,0,20,2,0,6,22
154,1996,NR,Crest,4,0,4,0,0,0,0,0,2,0,0,0,0,0,0,0,0,0,0,0,1,0,0,10,0,1,4,11
155,1996,NR,Crest,4,0,2,0,0,0,0,1,0,0,0,0,0,0,0,0,0,0,0,0,0,0,2,7,0,2,4,9
156,1996,NR,Slope,6,0,0,0,0,0,0,1,1,0,3,0,2,0,0,0,0,0,0,0,0,0,2,8,5,2,6,15
157,1996,NR,Slope,6,0,2,0,0,0,0,0,2,0,2,0,0,0,0,0,0,0,0,0,0,0,0,10,2,0,4,12
158,1996,NR,Slope,4,0,0,2,0,0,0,0,0,0,0,2,0,0,0,0,0,0,0,0,0,0,2,6,2,2,4,10
159,1996,NR,Slope,1,1,6,0,0,0,2,0,0,0,0,1,0,0,0,0,0,0,0,0,0,0,0,10,1,0,5,11
160,1996,NR,Slope,0,0,2,0,0,0,1,1,0,0,0,0,0,0,0,0,0,0,0,0,0,0,0,4,0,0,3,4
161,1996,NR,Base,4,0,4,0,0,0,0,0,0,0,2,0,6,0,0,0,3,0,0,0,0,0,0,8,8,3,5,19
162,1996,NR,Base,0,0,1,0,0,0,2,0,1,0,0,0,4,0,1,0,0,0,0,0,0,0,0,4,5,0,5,9
163,1996,NR,Base,5,0,2,0,0,0,0,0,1,0,0,0,0,0,0,0,0,0,1,0,0,0,4,8,0,5,5,13
164,1996,NR,Base,1,0,4,0,0,0,1,0,0,0,0,0,2,0,0,0,2,0,0,0,0,0,0,6,2,2,5,10
165,1996,NR,Base,0,0,2,0,0,0,0,0,0,0,0,0,6,0,0,0,2,0,0,0,0,0,2,2,6,4,4,12
166,1996,WM,Flat,0,2,4,0,0,0,2,0,0,0,4,2,0,0,0,0,0,0,0,0,0,0,3,8,6,3,6,17
167,1996,WM,Flat,2,0,0,0,0,0,0,0,0,0,6,0,0,0,0,0,0,0,0,0,0,0,0,2,6,0,2,8
168,1996,WM,Flat,3,0,3,0,0,0,4,1,0,2,2,0,0,0,0,0,2,0,0,0,0,0,3,13,2,5,8,20
169,1996,WM,Flat,0,0,0,1,0,0,0,0,2,0,8,0,0,0,0,0,0,0,0,0,0,0,0,3,8,0,3,11
170,1996,WM,Flat,0,3,3,0,0,0,0,0,0,0,0,2,0,0,0,0,0,0,0,0,4,0,2,6,2,6,5,14
171,1996,WM,Crest,4,1,1,0,0,0,1,0,0,0,0,0,0,0,0,0,0,0,0,0,0,0,0,7,0,0,4,7
172,1996,WM,Crest,7,1,2,0,0,0,0,0,1,0,0,0,0,0,0,0,0,0,0,0,0,0,0,11,0,0,4,11
173,1996,WM,Crest,6,0,2,0,0,0,0,3,0,0,0,2,0,0,0,0,0,0,0,0,0,0,0,11,2,0,4,13
174,1996,WM,Crest,4,2,0,0,0,0,0,0,0,0,0,0,0,0,0,0,0,0,0,0,0,0,0,6,0,0,2,6
175,1996,WM,Crest,2,2,4,1,0,0,0,0,0,0,1,0,0,0,0,0,0,0,0,0,0,0,2,9,1,2,6,12
176,1996,WM,Slope,2,1,6,0,0,0,0,0,0,0,1,0,1,0,0,0,0,0,0,0,0,0,0,9,2,0,5,11
177,1996,WM,Slope,0,0,4,1,0,0,0,0,1,0,0,0,1,0,0,0,0,0,0,0,0,0,2,6,1,2,5,9
178,1996,WM,Slope,0,0,2,2,0,0,3,0,0,0,0,0,0,0,0,0,0,0,0,0,0,0,0,7,0,0,3,7
179,1996,WM,Slope,0,0,4,2,0,0,0,0,0,0,0,0,0,0,0,0,0,0,0,0,0,0,1,6,0,1,3,7
180,1996,WM,Slope,0,0,5,4,0,0,0,0,0,0,0,0,0,0,0,0,0,0,0,0,0,0,1,9,0,1,3,10
181,1996,WM,Base,0,0,3,0,0,0,1,0,0,0,0,1,6,0,0,0,1,0,0,0,0,0,0,4,7,1,5,12
182,1996,WM,Base,0,0,2,1,0,0,0,0,0,0,0,2,4,0,0,0,0,0,0,0,0,0,0,3,6,0,4,9
183,1996,WM,Base,0,0,5,0,0,2,0,0,1,0,0,0,0,0,0,0,1,0,0,0,0,0,1,8,0,2,5,10
184,1996,WM,Base,0,0,4,0,0,0,0,0,0,0,0,0,2,0,0,0,0,0,0,0,0,0,2,4,2,2,3,8
185,1996,WM,Base,1,0,5,1,0,0,0,0,0,0,0,0,0,0,0,0,0,0,0,0,0,0,0,7,0,0,3,7
186,1996,LH,Flat,0,0,4,0,0,0,0,0,0,0,5,0,0,0,0,0,2,0,2,0,0,0,2,4,5,6,5,15
187,1996,LH,Flat,1,1,3,0,0,0,0,0,1,0,5,0,2,0,0,0,1,0,0,0,2,0,0,6,7,3,8,16
188,1996,LH,Flat,2,0,2,0,0,0,0,0,0,2,3,0,1,0,0,0,0,0,0,0,0,0,0,6,4,0,5,10
189,1996,LH,Flat,2,0,5,0,0,0,0,0,2,0,4,0,0,0,0,0,0,0,0,0,0,0,1,9,4,1,5,14
190,1996,LH,Flat,1,1,0,0,0,0,4,0,0,0,4,0,0,0,0,0,0,0,0,0,0,0,0,6,4,0,4,10
191,1996,LH,Crest,0,1,4,0,0,0,0,0,1,2,1,0,0,0,0,0,1,0,0,0,0,0,0,8,1,1,6,10
192,1996,LH,Crest,4,0,2,0,0,0,1,0,2,0,0,0,0,0,0,0,0,0,0,0,0,0,3,9,0,3,5,12
193,1996,LH,Crest,3,0,4,2,0,0,0,0,0,0,2,4,0,0,0,0,0,0,0,1,0,0,1,9,6,2,7,17
194,1996,LH,Crest,3,0,2,0,0,0,0,0,0,0,2,0,0,0,0,0,0,0,0,0,0,0,0,5,2,0,3,7
195,1996,LH,Crest,0,0,2,0,0,0,0,0,0,0,2,1,0,0,0,0,0,0,0,0,0,0,0,2,3,0,3,5
196,1996,LH,Slope,0,0,2,0,0,0,0,0,1,0,0,2,0,0,0,0,0,0,0,0,0,0,2,3,2,2,4,7
197,1996,LH,Slope,1,0,2,0,0,0,0,1,1,0,0,0,0,0,0,0,4,0,1,3,0,0,3,5,0,11,8,16
198,1996,LH,Slope,0,0,0,1,0,0,0,0,0,0,0,0,0,0,0,1,0,0,0,0,0,0,4,1,1,4,3,6
199,1996,LH,Slope,0,0,4,1,0,0,0,0,0,0,0,0,1,0,0,0,0,0,0,0,0,0,0,5,1,0,3,6
200,1996,LH,Slope,1,0,3,0,0,0,0,1,1,0,0,0,0,0,0,0,0,0,0,0,0,0,0,6,0,0,4,6
201,1996,LH,Base,0,0,0,0,0,0,0,0,2,0,0,1,0,0,0,0,1,0,0,0,0,0,0,2,1,1,3,4
202,1996,LH,Base,0,0,0,0,0,0,0,0,0,3,0,0,1,0,0,0,3,0,0,0,0,0,0,3,1,3,3,7
203,1996,LH,Base,0,0,0,0,0,0,0,1,0,0,0,3,2,0,0,0,0,0,0,0,0,0,1,1,5,1,4,7
204,1996,LH,Base,0,0,2,0,0,0,0,0,0,0,0,0,0,0,0,0,2,0,0,0,0,0,1,2,0,3,3,5
205,1996,LH,Base,0,0,3,1,0,0,0,0,0,0,0,0,4,0,0,0,1,0,0,0,0,0,1,4,4,2,5,10
206,1996,SI,Flat,3,2,3,0,0,0,1,0,0,0,1,2,0,0,0,0,0,0,0,0,0,0,0,9,3,0,6,12
207,1996,SI,Flat,0,0,0,0,0,0,2,1,0,0,6,0,0,0,0,0,0,0,0,0,0,0,0,3,6,0,3,9
208,1996,SI,Flat,6,4,2,0,0,0,0,0,1,0,3,0,0,0,0,0,0,0,0,0,0,0,0,13,3,0,5,16
209,1996,SI,Flat,0,0,3,0,0,0,0,0,0,0,0,0,0,0,0,0,2,0,0,0,0,0,2,3,0,4,3,7
210,1996,SI,Flat,0,0,0,0,0,0,1,0,0,0,4,0,0,0,0,0,1,0,0,0,0,0,1,1,4,2,4,7
211,1996,SI,Crest,3,1,7,0,0,0,0,2,0,0,0,0,0,0,0,0,1,0,0,0,0,0,0,13,0,1,5,14
212,1996,SI,Crest,6,2,0,0,0,0,0,0,1,0,0,0,0,0,0,0,3,0,0,0,0,0,0,9,0,3,4,12
213,1996,SI,Crest,1,2,0,0,0,0,2,0,0,2,0,2,0,0,0,0,0,0,0,0,0,0,0,7,2,0,5,9
214,1996,SI,Crest,4,0,6,0,0,0,0,0,2,2,0,0,0,0,0,0,0,0,0,0,0,0,0,14,0,0,4,14
215,1996,SI,Crest,3,2,2,0,0,0,0,0,0,2,0,0,0,0,0,0,2,0,0,0,2,0,0,9,0,4,6,13
216,1996,SI,Slope,2,0,0,0,0,0,0,0,2,0,0,0,0,0,0,0,0,0,0,0,0,0,2,4,0,2,3,6
217,1996,SI,Slope,0,0,0,0,0,0,0,0,0,0,0,2,1,0,0,0,0,0,0,0,0,0,1,0,3,1,3,4
218,1996,SI,Slope,2,0,0,1,0,0,0,0,0,0,0,0,2,0,0,0,0,0,0,0,0,0,4,3,2,4,4,9
219,1996,SI,Slope,0,0,0,0,0,0,0,4,0,0,0,0,0,0,0,0,0,0,0,0,0,0,2,4,0,2,2,6
220,1996,SI,Slope,0,0,0,0,0,0,0,1,0,0,0,0,0,0,0,0,0,0,1,0,0,0,0,1,0,1,2,2
221,1996,SI,Base,1,0,0,0,0,0,0,0,2,0,0,0,2,0,0,0,0,0,0,0,0,0,4,3,2,4,4,9
222,1996,SI,Base,2,0,0,0,0,0,0,0,0,0,0,0,0,0,0,0,0,0,0,0,0,0,4,2,0,4,2,6
223,1996,SI,Base,1,0,0,0,0,0,0,0,0,0,0,0,4,0,0,0,0,0,0,0,0,0,2,1,4,2,3,7
224,1996,SI,Base,0,0,0,0,0,0,0,0,0,0,0,0,0,0,0,0,0,0,0,0,0,0,1,0,0,1,1,1
225,1996,SI,Base,4,0,0,0,0,0,0,0,0,0,0,2,0,0,0,0,0,0,0,0,0,0,0,4,2,0,2,6
226,1997,NR,Flat,4,2,0,0,0,0,0,0,0,0,2,0,2,0,0,0,0,0,0,0,0,0,0,6,4,0,4,10
227,1997,NR,Flat,2,2,4,0,0,0,3,2,0,0,2,0,0,0,0,0,0,0,0,0,0,0,2,13,2,2,7,17
228,1997,NR,Flat,0,0,7,0,0,0,2,0,0,0,8,0,0,0,0,0,0,0,0,0,0,0,0,9,8,0,3,17
229,1997,NR,Flat,1,0,4,0,0,0,1,0,0,0,6,0,0,0,0,0,0,0,0,0,0,0,2,6,6,2,5,14
230,1997,NR,Flat,9,0,0,0,0,0,0,0,0,1,4,0,0,0,0,0,0,0,0,0,0,0,1,10,4,1,4,15
231,1997,NR,Crest,11,0,2,0,0,0,0,0,0,0,1,0,0,0,0,0,0,0,0,0,0,0,0,13,1,0,3,14
232,1997,NR,Crest,2,0,6,0,0,0,0,0,0,0,0,0,0,0,0,0,0,0,0,0,0,0,2,8,0,2,3,10
233,1997,NR,Crest,1,0,5,0,0,0,1,0,1,0,1,2,0,0,0,2,0,0,0,0,1,0,0,8,5,1,8,14
234,1997,NR,Crest,2,1,4,0,0,0,2,0,0,0,0,0,0,0,0,0,0,0,0,0,0,0,0,9,0,0,4,9
235,1997,NR,Crest,4,3,2,0,0,0,2,0,0,0,2,0,0,0,0,0,1,0,0,0,0,0,0,11,2,1,6,14
236,1997,NR,Slope,1,0,1,0,0,0,0,0,0,0,1,2,4,0,0,0,0,0,0,0,0,0,0,2,7,0,5,9
237,1997,NR,Slope,0,0,0,0,0,0,2,0,2,0,1,0,0,0,0,0,0,0,0,0,0,0,2,4,1,2,4,7
238,1997,NR,Slope,2,0,2,0,0,0,0,0,0,0,2,0,0,0,0,0,0,0,0,0,0,0,1,4,2,1,4,7
239,1997,NR,Slope,0,0,1,0,0,0,0,1,0,0,0,0,2,0,0,0,0,0,0,0,0,0,0,2,2,0,3,4
240,1997,NR,Slope,2,0,2,0,0,0,1,0,1,0,1,0,2,0,0,0,0,0,0,0,0,0,2,6,3,2,7,11
241,1997,NR,Base,1,0,3,0,0,0,2,1,0,0,0,0,1,0,0,0,1,0,0,0,0,0,3,7,1,4,7,12
242,1997,NR,Base,3,0,2,0,0,0,0,0,5,0,0,0,4,0,0,0,0,0,0,0,0,0,2,10,4,2,5,16
243,1997,NR,Base,3,0,2,0,0,0,0,0,0,0,1,0,0,0,0,0,0,0,0,0,0,0,1,5,1,1,4,7
244,1997,NR,Base,4,0,4,0,0,0,0,0,1,0,0,2,2,0,0,0,1,0,0,0,0,0,0,9,4,1,6,14
245,1997,NR,Base,1,0,5,0,0,0,0,0,0,0,2,0,2,0,0,0,0,0,0,0,0,0,0,6,4,0,4,10
246,1997,WM,Flat,2,0,5,0,0,0,2,0,0,0,6,0,0,0,0,0,0,0,0,1,0,0,0,9,6,1,5,16
247,1997,WM,Flat,0,2,4,1,0,0,0,0,1,1,2,2,0,0,0,0,2,0,0,0,0,0,2,9,4,4,9,17
248,1997,WM,Flat,1,0,2,0,0,1,0,1,1,0,6,0,0,0,0,0,0,0,0,0,0,0,0,6,6,0,6,12
249,1997,WM,Flat,3,0,3,2,0,0,1,0,0,0,4,1,0,0,0,0,0,0,0,0,2,0,2,9,5,4,8,18
250,1997,WM,Flat,1,0,5,0,0,0,0,1,0,0,1,2,0,0,0,0,0,0,0,0,0,0,0,7,3,0,5,10
251,1997,WM,Crest,4,0,3,0,0,0,0,0,1,0,0,0,0,0,0,0,0,0,0,2,0,0,0,8,0,2,4,10
252,1997,WM,Crest,6,1,8,0,0,0,0,0,0,0,2,0,0,0,0,0,2,0,0,0,2,0,0,15,2,4,6,21
253,1997,WM,Crest,4,2,1,1,0,0,0,0,0,0,0,0,0,0,0,0,1,0,0,0,2,0,2,8,0,5,7,13
254,1997,WM,Crest,5,0,4,0,0,0,0,0,0,0,2,0,0,0,0,0,0,0,0,1,0,0,0,9,2,1,4,12
255,1997,WM,Crest,2,3,3,2,0,0,0,0,0,0,1,1,0,0,0,0,0,0,0,0,0,0,0,10,2,0,6,12
256,1997,WM,Slope,0,0,5,3,0,0,1,0,0,0,0,0,0,0,2,0,0,0,0,0,0,0,0,9,2,0,4,11
257,1997,WM,Slope,0,0,2,0,0,0,0,0,0,0,0,0,0,0,0,0,0,0,0,0,0,0,1,2,0,1,2,3
258,1997,WM,Slope,0,0,1,3,0,0,0,0,0,0,0,0,0,0,0,0,0,0,0,0,0,0,5,4,0,5,3,9
259,1997,WM,Slope,0,0,2,1,0,1,2,0,1,0,0,2,0,0,0,0,0,0,0,0,0,0,0,7,2,0,6,9
260,1997,WM,Slope,0,0,1,0,0,0,1,0,0,0,0,2,1,0,0,0,0,0,0,0,0,0,2,2,3,2,5,7
261,1997,WM,Base,0,0,0,0,0,0,1,0,0,0,0,0,0,0,0,0,0,0,0,0,0,0,2,1,0,2,2,3
262,1997,WM,Base,0,0,3,0,0,0,0,0,0,0,0,0,2,0,0,0,1,0,0,0,0,0,0,3,2,1,3,6
263,1997,WM,Base,0,0,5,0,0,0,0,0,0,0,0,0,1,0,0,0,3,0,0,0,0,0,0,5,1,3,3,9
264,1997,WM,Base,0,0,3,0,0,0,0,0,0,2,0,1,0,0,0,0,0,0,0,0,0,0,1,5,1,1,4,7
265,1997,WM,Base,0,0,3,0,0,0,0,1,0,0,0,0,2,0,0,0,0,0,0,0,0,0,0,4,2,0,3,6
266,1997,LH,Flat,0,1,2,0,0,0,0,1,0,0,4,0,0,0,0,0,1,0,0,0,0,0,2,4,4,3,6,11
267,1997,LH,Flat,0,0,4,0,0,0,0,2,0,0,4,0,0,0,0,0,0,0,0,0,0,0,4,6,4,4,4,14
268,1997,LH,Flat,0,0,2,0,0,0,0,2,0,0,3,0,2,0,0,0,0,0,0,0,0,0,0,4,5,0,4,9
269,1997,LH,Flat,0,1,1,0,0,0,0,0,0,0,1,0,0,0,0,0,0,0,0,0,0,0,1,2,1,1,4,4
270,1997,LH,Flat,0,0,0,0,0,0,0,1,0,0,2,0,0,0,0,0,0,0,0,0,0,0,5,1,2,5,3,8
271,1997,LH,Crest,0,1,0,0,0,0,0,0,0,0,4,2,0,0,0,0,0,0,0,0,0,0,0,1,6,0,3,7
272,1997,LH,Crest,0,0,2,0,0,0,2,0,0,0,4,0,0,0,0,0,0,0,0,0,0,0,2,4,4,2,4,10
273,1997,LH,Crest,3,0,0,0,0,0,0,0,2,1,0,0,0,0,0,1,0,0,0,2,0,0,1,6,1,3,6,10
274,1997,LH,Crest,0,0,0,0,0,0,0,0,1,0,0,0,0,0,0,0,0,0,0,0,0,0,1,1,0,1,2,2
275,1997,LH,Crest,1,0,4,0,0,0,3,1,0,0,0,0,0,0,0,0,0,0,0,0,0,0,0,9,0,0,4,9
276,1997,LH,Slope,0,0,0,0,0,0,1,2,2,0,0,1,0,0,0,0,0,0,0,0,0,0,0,5,1,0,4,6
277,1997,LH,Slope,0,0,0,0,0,0,1,0,0,0,0,0,0,0,0,1,0,0,0,0,0,0,0,1,1,0,2,2
278,1997,LH,Slope,0,0,5,0,0,0,0,0,5,0,0,1,0,0,0,1,1,0,0,2,0,0,3,10,2,6,7,18
279,1997,LH,Slope,0,0,0,0,0,0,0,0,1,0,0,0,0,0,0,0,0,0,0,0,0,0,1,1,0,1,2,2
280,1997,LH,Slope,0,0,2,0,0,0,1,2,0,0,0,1,0,0,0,0,0,0,0,0,0,0,4,5,1,4,5,10
281,1997,LH,Base,0,0,0,0,0,0,0,2,1,0,0,0,0,0,0,0,2,0,0,0,0,0,0,3,0,2,3,5
282,1997,LH,Base,0,0,1,0,0,1,0,0,0,0,0,0,0,0,0,0,0,0,0,0,0,0,1,2,0,1,3,3
283,1997,LH,Base,0,0,4,0,0,0,0,0,0,0,0,3,0,0,0,0,1,0,1,0,0,0,2,4,3,4,5,11
284,1997,LH,Base,0,2,0,0,0,0,3,0,0,0,0,0,2,0,0,0,1,0,0,0,0,0,0,5,2,1,4,8
285,1997,LH,Base,0,1,3,0,0,0,0,0,0,0,0,0,0,0,0,0,0,0,0,0,0,0,3,4,0,3,3,7
286,1997,SI,Flat,0,0,0,0,0,0,1,1,0,0,3,1,0,0,0,0,0,0,0,0,0,0,0,2,4,0,4,6
287,1997,SI,Flat,0,1,2,0,0,0,0,1,0,0,1,0,0,0,0,0,1,0,0,0,0,0,0,4,1,1,5,6
288,1997,SI,Flat,0,0,2,0,0,0,0,0,0,0,3,0,0,0,0,0,0,0,0,0,0,0,2,2,3,2,3,7
289,1997,SI,Flat,1,4,2,0,0,0,0,0,0,0,2,0,1,0,0,0,0,0,0,0,0,0,0,7,3,0,5,10
290,1997,SI,Flat,2,2,2,0,0,0,0,0,0,0,2,0,0,0,0,0,2,0,0,0,0,0,2,6,2,4,6,12
291,1997,SI,Crest,2,0,0,0,0,0,0,0,2,0,3,0,0,0,0,0,0,0,0,0,0,0,0,4,3,0,3,7
292,1997,SI,Crest,1,1,3,0,0,0,0,1,0,0,3,0,0,0,0,0,0,0,0,1,0,0,0,6,3,1,6,10
293,1997,SI,Crest,2,1,2,0,0,0,0,0,0,0,1,2,0,0,0,0,0,0,0,0,0,0,2,5,3,2,6,10
294,1997,SI,Crest,1,0,4,0,0,0,0,0,0,0,3,0,0,0,0,0,0,0,0,0,0,0,0,5,3,0,3,8
295,1997,SI,Crest,2,2,2,0,0,0,0,0,0,0,3,0,0,0,0,0,0,0,0,0,0,0,2,6,3,2,5,11
296,1997,SI,Slope,0,0,2,0,0,0,0,1,0,0,0,0,0,0,0,0,1,0,0,0,0,0,0,3,0,1,3,4
297,1997,SI,Slope,0,0,0,0,0,0,0,0,1,0,0,0,0,0,0,1,2,0,0,0,0,0,2,1,1,4,4,6
298,1997,SI,Slope,1,0,0,0,0,0,0,1,0,0,0,1,0,0,0,0,0,0,0,0,0,0,0,2,1,0,3,3
299,1997,SI,Slope,0,0,8,0,0,0,0,0,0,0,0,1,0,0,0,0,0,0,0,0,0,0,3,8,1,3,3,12
300,1997,SI,Slope,0,0,0,0,0,0,0,0,0,0,0,2,0,0,0,0,2,0,1,0,0,0,0,0,2,3,3,5
301,1997,SI,Base,0,0,0,0,0,0,0,0,1,0,0,0,1,0,0,0,2,0,0,0,0,0,0,1,1,2,3,4
302,1997,SI,Base,0,0,0,0,0,0,0,0,0,0,0,0,2,0,0,0,0,0,0,0,0,0,2,0,2,2,2,4
303,1997,SI,Base,0,0,4,0,0,0,0,1,0,0,0,0,0,0,0,0,0,0,0,0,0,0,0,5,0,0,2,5
304,1997,SI,Base,0,0,2,0,0,0,0,1,0,0,0,2,0,0,0,0,0,0,0,0,0,0,2,3,2,2,4,7
305,1997,SI,Base,0,0,0,0,0,0,0,0,0,3,0,0,0,0,0,0,1,0,0,0,0,0,0,3,0,1,2,4
306,1998,NR,Flat,1,0,8,0,0,0,6,0,0,0,0,0,0,0,0,0,0,0,0,0,0,0,1,15,0,1,4,16
307,1998,NR,Flat,3,0,6,0,0,0,2,0,3,0,8,0,0,0,0,0,0,0,0,0,0,0,0,14,8,0,5,22
308,1998,NR,Flat,0,0,8,0,0,0,3,0,0,0,4,0,0,0,0,0,0,0,0,0,1,0,1,11,4,2,5,17
309,1998,NR,Flat,2,0,4,0,0,0,3,0,0,0,4,0,0,0,0,0,0,0,0,0,0,0,2,9,4,2,5,15
310,1998,NR,Flat,5,3,0,0,0,0,0,0,0,1,2,1,1,0,0,0,0,0,0,0,2,0,1,9,4,3,8,16
311,1998,NR,Crest,7,0,0,0,0,0,0,0,0,0,0,0,0,0,0,0,0,0,0,0,0,0,2,7,0,2,2,9
312,1998,NR,Crest,5,2,4,0,0,0,1,0,2,0,2,0,2,0,0,0,0,0,0,2,0,0,0,14,4,2,8,20
313,1998,NR,Crest,4,2,5,0,0,0,2,0,0,0,1,0,1,0,1,0,0,0,0,0,0,0,2,13,3,2,8,18
314,1998,NR,Crest,5,0,4,0,0,0,0,0,0,0,0,2,0,0,0,0,0,0,0,0,0,0,0,9,2,0,3,11
315,1998,NR,Crest,4,0,2,0,0,0,0,0,1,0,0,0,0,0,0,0,0,0,0,0,0,0,2,7,0,2,4,9
316,1998,NR,Slope,2,0,2,0,0,0,0,0,0,2,0,1,0,0,0,0,0,0,0,0,0,0,2,6,1,2,5,9
317,1998,NR,Slope,0,0,6,0,0,0,0,0,2,0,0,0,2,0,0,0,0,0,0,0,0,0,0,8,2,0,3,10
318,1998,NR,Slope,2,0,2,0,0,0,0,0,0,2,1,0,0,0,0,0,0,0,0,0,0,0,0,6,1,0,4,7
319,1998,NR,Slope,3,0,0,0,0,0,0,1,0,0,1,0,0,0,0,0,0,0,0,0,0,0,2,4,1,2,4,7
320,1998,NR,Slope,0,0,2,0,0,0,0,0,0,0,0,0,2,0,0,0,0,0,0,0,0,0,0,2,2,0,2,4
321,1998,NR,Base,0,0,4,0,0,0,0,0,0,0,0,0,0,0,0,0,1,0,0,0,0,0,0,4,0,1,2,5
322,1998,NR,Base,8,0,4,0,0,0,0,0,0,0,0,0,2,0,0,0,0,0,0,0,0,0,0,12,2,0,3,14
323,1998,NR,Base,0,0,0,0,0,0,0,0,1,0,0,1,1,0,0,0,0,0,0,0,0,0,1,1,2,1,4,4
324,1998,NR,Base,4,0,0,0,0,0,2,0,0,0,0,1,4,0,0,0,4,0,0,0,0,0,0,6,5,4,5,15
325,1998,NR,Base,0,0,0,0,0,0,1,0,0,0,0,0,0,0,0,1,0,0,0,0,0,0,2,1,1,2,3,4
326,1998,WM,Flat,2,0,0,0,0,0,2,0,0,0,6,0,0,0,0,0,0,0,0,0,0,0,0,4,6,0,3,10
327,1998,WM,Flat,0,0,2,0,0,0,2,0,0,0,6,0,0,0,0,0,0,0,0,0,0,0,0,4,6,0,3,10
328,1998,WM,Flat,0,0,4,0,0,0,0,0,0,0,6,0,0,0,0,0,0,0,0,0,0,0,2,4,6,2,3,12
329,1998,WM,Flat,2,0,0,0,0,0,3,0,0,0,1,0,0,0,0,0,0,0,0,0,0,0,0,5,1,0,3,6
330,1998,WM,Flat,0,0,6,0,0,0,0,0,0,0,2,0,0,0,0,0,0,0,0,0,0,0,1,6,2,1,3,9
331,1998,WM,Crest,4,1,0,0,0,0,1,0,0,0,0,0,0,0,0,0,0,0,0,0,0,0,0,6,0,0,3,6
332,1998,WM,Crest,3,3,0,0,0,0,2,0,0,0,0,0,0,0,0,0,0,0,0,0,2,0,4,8,0,6,5,14
333,1998,WM,Crest,4,7,2,2,0,0,0,0,0,0,0,0,0,0,0,0,0,0,0,0,0,0,0,15,0,0,4,15
334,1998,WM,Crest,6,0,2,0,0,0,0,0,0,0,0,0,0,0,0,1,0,0,0,0,0,0,0,8,1,0,3,9
335,1998,WM,Crest,0,3,6,0,0,0,0,0,0,0,0,0,0,0,0,0,0,0,0,0,0,0,2,9,0,2,3,11
336,1998,WM,Slope,0,0,2,3,0,0,0,0,0,0,0,2,0,0,2,0,0,0,0,0,2,0,4,5,4,6,6,15
337,1998,WM,Slope,1,0,5,2,0,0,0,0,2,0,0,3,0,0,0,0,0,0,0,0,0,0,0,10,3,0,5,13
338,1998,WM,Slope,1,0,2,0,0,0,1,0,0,0,0,0,0,0,0,0,0,0,0,0,0,0,4,4,0,4,4,8
339,1998,WM,Slope,0,0,4,3,0,0,0,0,0,0,0,2,0,0,2,0,0,0,1,0,0,0,0,7,4,1,5,12
340,1998,WM,Slope,1,0,4,0,0,0,0,0,0,0,0,0,0,0,0,0,1,0,0,0,0,0,0,5,0,1,3,6
341,1998,WM,Base,0,0,4,2,0,0,0,1,0,0,0,2,0,0,0,0,0,0,0,0,0,0,5,7,2,5,5,14
342,1998,WM,Base,0,0,2,0,0,0,0,0,0,0,0,0,0,0,0,0,0,0,0,0,0,0,0,2,0,0,1,2
343,1998,WM,Base,0,0,5,0,0,0,0,0,2,0,0,0,1,0,0,0,2,0,0,0,0,0,0,7,1,2,4,10
344,1998,WM,Base,0,0,4,1,0,0,0,0,0,0,0,0,2,0,0,0,1,0,0,0,0,0,0,5,2,1,4,8
345,1998,WM,Base,0,0,3,1,0,0,1,0,0,0,0,0,3,0,0,0,0,0,0,0,0,0,1,5,3,1,5,9
346,1998,LH,Flat,0,0,1,0,0,0,1,0,2,0,4,0,0,0,0,0,0,0,0,0,0,0,0,4,4,0,4,8
347,1998,LH,Flat,0,1,2,0,0,0,0,0,0,1,3,0,0,0,0,0,0,0,0,0,0,0,2,4,3,2,5,9
348,1998,LH,Flat,0,1,0,0,0,0,1,2,0,0,3,0,0,0,0,1,0,0,0,0,0,0,2,4,4,2,6,10
349,1998,LH,Flat,0,2,3,0,0,0,0,0,0,0,1,1,0,0,0,0,0,0,0,0,0,0,1,5,2,1,5,8
350,1998,LH,Flat,0,0,0,0,0,0,2,1,1,0,2,0,1,0,0,0,0,0,0,0,0,0,0,4,3,0,5,7
351,1998,LH,Crest,0,0,4,1,0,0,0,0,2,0,0,0,0,0,0,0,0,0,0,0,0,0,3,7,0,3,4,10
352,1998,LH,Crest,0,0,2,0,0,0,1,0,1,3,0,1,0,0,0,0,1,0,0,0,0,0,0,7,1,1,6,9
353,1998,LH,Crest,0,0,3,0,0,0,1,0,0,0,1,0,1,0,0,0,0,0,0,0,0,0,0,4,2,0,4,6
354,1998,LH,Crest,2,0,0,0,0,0,0,0,0,0,0,0,0,0,0,0,0,0,0,0,0,0,1,2,0,1,2,3
355,1998,LH,Crest,2,0,0,0,0,0,1,0,0,0,2,2,0,0,0,0,0,0,0,0,0,0,2,3,4,2,5,9
356,1998,LH,Slope,0,0,1,1,0,0,0,0,0,0,0,0,0,0,0,0,2,0,0,0,0,0,0,2,0,2,3,4
357,1998,LH,Slope,0,0,3,0,0,0,0,0,2,0,0,0,0,0,0,0,2,0,0,0,0,0,0,5,0,2,3,7
358,1998,LH,Slope,0,0,3,0,0,0,0,0,2,0,0,1,0,0,0,1,0,0,0,1,0,0,0,5,2,1,5,8
359,1998,LH,Slope,0,0,1,0,0,0,0,0,0,0,1,0,0,0,0,0,1,0,0,1,0,0,0,1,1,2,4,4
360,1998,LH,Slope,2,0,2,0,0,0,0,0,0,0,0,0,0,0,0,0,0,0,1,0,0,0,0,4,0,1,3,5
361,1998,LH,Base,0,0,0,0,0,0,0,0,0,0,0,0,0,0,0,0,0,0,0,0,0,0,1,0,0,1,1,1
362,1998,LH,Base,0,0,0,0,0,0,0,0,0,0,0,0,1,0,0,0,3,0,0,0,0,0,1,0,1,4,3,5
363,1998,LH,Base,0,0,0,0,0,0,0,1,1,0,0,0,1,0,0,0,1,0,0,0,0,0,0,2,1,1,4,4
364,1998,LH,Base,3,0,0,0,0,0,0,0,0,0,0,0,0,0,0,0,0,0,0,0,0,0,1,3,0,1,2,4
365,1998,LH,Base,0,0,2,0,0,0,0,1,0,0,0,0,2,0,0,0,2,0,0,0,0,0,1,3,2,3,5,8
366,1998,SI,Flat,2,2,2,0,0,0,0,0,0,0,0,0,0,0,0,0,0,0,0,0,0,0,0,6,0,0,3,6
367,1998,SI,Flat,0,0,2,0,0,0,2,2,0,0,6,0,0,0,0,0,1,0,0,0,0,0,2,6,6,3,6,15
368,1998,SI,Flat,0,2,6,0,0,0,2,2,0,0,3,0,0,0,0,0,0,0,0,0,0,0,2,12,3,2,6,17
369,1998,SI,Flat,2,1,0,0,0,0,1,0,0,0,2,0,0,0,0,0,0,0,0,0,0,0,0,4,2,0,4,6
370,1998,SI,Flat,0,2,4,0,0,0,0,0,0,0,1,0,0,0,0,0,2,0,0,0,0,0,0,6,1,2,4,9
371,1998,SI,Crest,3,0,2,0,0,0,0,0,0,0,0,0,0,0,0,0,0,0,0,0,0,0,0,5,0,0,2,5
372,1998,SI,Crest,4,2,0,0,0,0,2,0,0,0,0,2,0,0,0,0,0,0,0,0,0,0,0,8,2,0,4,10
373,1998,SI,Crest,3,0,4,0,0,0,0,0,0,0,2,0,0,0,0,0,1,0,0,0,0,0,0,7,2,1,4,10
374,1998,SI,Crest,4,0,0,0,0,0,0,0,2,0,0,0,0,0,0,0,0,0,0,0,2,0,0,6,0,2,3,8
375,1998,SI,Crest,0,0,2,0,0,0,0,0,0,0,0,0,0,0,0,0,0,0,0,0,0,0,2,2,0,2,2,4
376,1998,SI,Slope,3,0,2,0,0,0,0,0,0,0,0,0,0,0,0,0,0,0,0,0,0,0,0,5,0,0,2,5
377,1998,SI,Slope,0,0,2,0,0,0,0,0,0,0,0,0,0,0,0,0,3,0,0,0,0,0,0,2,0,3,2,5
378,1998,SI,Slope,2,1,0,0,0,0,0,0,0,0,0,2,0,0,0,0,0,0,0,0,0,0,0,3,2,0,3,5
379,1998,SI,Slope,0,0,0,0,0,0,0,0,1,0,0,2,0,0,0,0,0,0,0,0,0,0,3,1,2,3,3,6
380,1998,SI,Slope,2,0,0,0,0,0,0,0,0,0,0,0,0,0,0,0,0,0,0,0,0,0,2,2,0,2,2,4
381,1998,SI,Base,0,0,6,0,0,0,2,0,0,0,0,0,0,0,0,0,2,0,0,0,0,0,0,8,0,2,3,10
382,1998,SI,Base,0,0,2,0,0,0,0,0,0,0,0,0,0,0,0,0,0,0,0,0,0,0,0,2,0,0,1,2
383,1998,SI,Base,0,0,2,0,0,0,0,0,1,0,0,0,0,0,0,0,0,0,0,0,0,0,2,3,0,2,3,5
384,1998,SI,Base,0,0,0,0,0,0,0,0,0,0,0,0,2,0,0,0,0,0,0,0,0,0,4,0,2,4,2,6
385,1998,SI,Base,2,0,0,0,0,0,0,1,0,0,0,0,0,0,0,0,0,0,0,0,0,0,0,3,0,0,2,3
386,1999,NR,Flat,1,0,6,0,0,0,4,0,0,0,4,0,0,0,0,0,0,0,0,0,0,0,2,11,4,2,5,17
387,1999,NR,Flat,2,0,4,0,0,0,2,0,2,0,2,0,2,0,0,0,0,0,0,0,0,0,1,10,4,1,7,15
388,1999,NR,Flat,3,0,5,0,0,0,3,0,2,0,6,0,0,0,0,0,0,0,0,0,0,0,0,13,6,0,5,19
389,1999,NR,Flat,4,0,7,0,0,0,2,0,0,0,4,0,0,0,0,0,0,0,0,0,0,0,0,13,4,0,4,17
390,1999,NR,Flat,6,1,0,0,0,0,2,0,1,2,2,0,0,0,0,0,0,0,0,0,0,0,2,12,2,2,7,16
391,1999,NR,Crest,6,0,2,0,0,0,0,0,0,1,0,1,0,0,0,0,0,0,0,0,0,0,0,9,1,0,4,10
392,1999,NR,Crest,3,0,0,0,0,0,0,0,0,0,0,0,0,0,0,0,0,0,3,0,0,0,4,3,0,7,3,10
393,1999,NR,Crest,6,0,6,0,0,0,0,0,0,0,0,0,0,0,0,0,0,0,0,0,2,0,0,12,0,2,3,14
394,1999,NR,Crest,3,0,2,0,0,0,0,0,0,1,4,0,0,0,0,0,0,0,0,0,2,0,3,6,4,5,6,15
395,1999,NR,Crest,2,0,0,0,0,0,0,0,0,0,2,0,0,0,0,0,0,0,0,0,0,0,0,2,2,0,2,4
396,1999,NR,Slope,1,0,0,0,0,0,0,0,0,0,0,0,2,0,0,0,0,0,0,0,0,0,1,1,2,1,3,4
397,1999,NR,Slope,3,0,4,0,0,0,1,0,1,0,0,3,0,0,0,0,0,0,0,0,2,0,0,9,3,2,6,14
398,1999,NR,Slope,0,0,0,0,0,0,2,0,4,0,0,0,1,0,0,0,0,0,0,0,0,0,2,6,1,2,4,9
399,1999,NR,Slope,0,0,4,0,0,0,0,1,0,0,2,1,0,0,0,0,0,0,0,0,0,0,0,5,3,0,4,8
400,1999,NR,Slope,2,0,0,0,0,0,0,0,0,0,2,0,1,0,0,0,0,0,0,0,1,0,1,2,3,2,5,7
401,1999,NR,Base,1,0,2,0,0,0,0,1,0,0,0,0,0,0,0,0,0,0,0,0,0,0,2,4,0,2,4,6
402,1999,NR,Base,5,0,4,0,0,0,0,0,0,0,0,0,2,0,0,0,0,0,0,0,0,0,1,9,2,1,4,12
403,1999,NR,Base,1,0,2,0,0,0,0,0,3,0,0,0,4,0,0,0,0,0,0,0,0,0,0,6,4,0,4,10
404,1999,NR,Base,1,0,4,0,0,0,0,0,1,2,0,4,0,0,0,0,3,0,1,0,0,0,2,8,4,6,8,18
405,1999,NR,Base,0,0,1,0,0,0,0,0,0,0,2,0,3,0,0,0,1,0,0,0,0,0,1,1,5,2,5,8
406,1999,WM,Flat,0,0,6,0,0,0,5,0,0,0,2,1,0,0,0,0,0,0,0,0,2,0,1,11,3,3,6,17
407,1999,WM,Flat,0,0,5,0,0,0,2,2,2,0,6,0,0,0,0,0,0,0,0,0,0,0,0,11,6,0,5,17
408,1999,WM,Flat,3,0,4,0,0,0,2,0,0,0,2,0,0,0,0,0,0,0,0,0,0,0,2,9,2,2,5,13
409,1999,WM,Flat,2,0,4,0,0,0,0,0,0,0,5,2,0,0,0,0,0,0,1,0,0,0,0,6,7,1,5,14
410,1999,WM,Flat,1,0,3,0,0,0,1,0,2,0,2,0,0,0,0,0,0,0,0,0,0,0,2,7,2,2,6,11
411,1999,WM,Crest,3,1,2,0,0,0,0,0,0,0,0,1,0,0,0,0,0,0,0,0,1,0,0,6,1,1,5,8
412,1999,WM,Crest,8,4,0,2,0,0,0,0,0,0,0,0,0,0,0,0,0,0,0,0,0,0,0,14,0,0,3,14
413,1999,WM,Crest,4,1,4,0,0,0,0,2,0,0,2,0,0,0,0,0,0,0,0,0,0,0,0,11,2,0,5,13
414,1999,WM,Crest,2,4,0,0,0,0,0,0,0,0,0,0,0,0,0,0,0,0,0,0,0,0,1,6,0,1,3,7
415,1999,WM,Crest,4,0,5,0,0,0,0,0,0,0,0,0,0,0,0,0,2,0,0,0,0,0,1,9,0,3,4,12
416,1999,WM,Slope,0,0,4,0,0,0,0,0,0,0,0,0,0,0,0,0,0,0,0,0,0,0,2,4,0,2,2,6
417,1999,WM,Slope,0,0,3,3,0,0,0,0,1,0,0,0,0,0,0,0,1,0,0,0,2,0,1,7,0,4,6,11
418,1999,WM,Slope,0,0,2,2,0,0,0,0,0,0,0,0,0,0,0,0,0,0,0,0,0,0,2,4,0,2,3,6
419,1999,WM,Slope,0,0,4,0,0,0,0,2,0,0,0,1,0,0,2,0,0,0,0,0,0,0,0,6,3,0,4,9
420,1999,WM,Slope,1,0,4,1,0,0,0,0,0,0,0,2,1,0,0,0,0,0,0,0,0,0,0,6,3,0,5,9
421,1999,WM,Base,0,0,3,1,0,0,0,0,0,0,0,0,2,0,0,0,2,0,0,0,0,0,0,4,2,2,4,8
422,1999,WM,Base,0,0,0,2,0,0,0,0,0,0,0,1,3,0,0,0,0,0,0,0,0,0,3,2,4,3,4,9
423,1999,WM,Base,0,0,2,0,0,0,0,0,0,0,0,0,4,0,0,0,1,0,1,2,0,0,0,2,4,4,5,10
424,1999,WM,Base,0,0,4,0,0,0,0,0,2,0,0,0,0,0,0,0,0,0,0,0,0,0,1,6,0,1,3,7
425,1999,WM,Base,0,0,0,0,0,0,0,0,0,0,0,0,3,0,0,0,0,0,0,0,0,0,2,0,3,2,2,5
426,1999,LH,Flat,1,0,0,0,0,0,0,1,5,0,0,0,0,0,0,1,1,0,0,0,0,0,1,7,1,2,6,10
427,1999,LH,Flat,0,0,0,0,0,0,5,0,1,0,3,0,0,0,0,0,1,0,0,0,0,0,0,6,3,1,4,10
428,1999,LH,Flat,0,0,3,0,0,0,0,1,0,0,4,2,0,0,0,0,1,0,0,0,0,0,2,4,6,3,6,13
429,1999,LH,Flat,0,0,2,0,0,0,1,0,0,0,3,0,0,0,0,1,2,0,0,0,0,0,2,3,4,4,6,11
430,1999,LH,Flat,3,0,0,0,0,0,0,2,0,0,6,0,0,0,0,0,0,0,0,0,1,0,3,5,6,4,5,15
431,1999,LH,Crest,2,0,2,0,0,0,0,0,0,0,2,0,0,0,0,0,0,0,0,0,0,0,0,4,2,0,3,6
432,1999,LH,Crest,0,0,1,0,0,0,0,0,0,0,1,0,0,0,0,0,0,0,1,0,0,0,1,1,1,2,4,4
433,1999,LH,Crest,0,0,0,0,0,0,0,0,1,0,0,0,0,0,0,0,1,0,0,0,0,0,0,1,0,1,2,2
434,1999,LH,Crest,0,0,2,0,0,0,0,0,0,0,0,0,0,0,0,0,0,0,0,0,0,0,1,2,0,1,2,3
435,1999,LH,Crest,0,0,3,0,0,0,0,0,0,0,1,2,0,0,0,0,1,0,0,0,0,0,2,3,3,3,5,9
436,1999,LH,Slope,0,0,1,0,0,0,0,0,1,0,0,0,0,0,0,0,0,0,0,0,0,0,0,2,0,0,2,2
437,1999,LH,Slope,0,0,0,0,0,0,0,0,0,0,0,2,0,0,0,0,0,0,0,0,0,0,0,0,2,0,1,2
438,1999,LH,Slope,0,0,3,0,0,0,0,0,0,0,0,0,0,0,0,0,0,0,0,0,0,0,0,3,0,0,1,3
439,1999,LH,Slope,0,0,2,0,0,0,1,0,0,1,0,1,0,0,0,0,0,0,0,0,0,0,0,4,1,0,4,5
440,1999,LH,Slope,0,0,0,0,0,0,0,1,0,0,0,0,0,0,0,1,0,0,0,0,0,0,0,1,1,0,2,2
441,1999,LH,Base,3,0,0,0,0,0,1,0,2,0,0,1,2,0,0,0,1,0,0,0,0,0,2,6,3,3,7,12
442,1999,LH,Base,0,0,0,0,0,0,2,1,0,2,0,0,0,0,0,0,0,0,0,0,0,0,3,5,0,3,4,8
443,1999,LH,Base,5,0,2,0,0,0,0,0,0,0,0,0,4,0,0,0,1,0,0,0,0,0,1,7,4,2,5,13
444,1999,LH,Base,0,0,2,0,0,0,0,1,2,0,0,0,0,0,0,0,1,0,0,0,0,0,2,5,0,3,5,8
445,1999,LH,Base,0,0,1,0,0,0,0,0,0,0,0,0,0,0,0,1,0,0,1,0,0,0,3,1,1,4,4,6
446,1999,SI,Flat,0,1,0,0,0,0,0,2,0,0,6,2,0,0,0,0,2,0,0,0,0,0,2,3,8,4,6,15
447,1999,SI,Flat,0,0,0,0,0,0,1,0,0,0,0,0,0,0,0,0,0,0,0,0,0,0,3,1,0,3,2,4
448,1999,SI,Flat,1,2,2,0,0,0,0,0,1,0,1,2,0,0,0,0,0,0,0,0,0,0,5,6,3,5,7,14
449,1999,SI,Flat,0,3,3,0,0,0,0,0,0,0,0,0,1,0,0,0,2,0,0,0,0,0,1,6,1,3,5,10
450,1999,SI,Flat,0,0,2,0,0,0,0,0,1,0,2,0,0,0,0,0,0,0,0,0,0,0,1,3,2,1,4,6
451,1999,SI,Crest,1,2,0,0,0,0,0,2,0,0,4,0,0,0,0,0,1,0,0,0,0,0,2,5,4,3,6,12
452,1999,SI,Crest,2,2,2,0,0,0,1,0,0,0,0,0,1,0,0,0,0,0,0,0,0,0,2,7,1,2,6,10
453,1999,SI,Crest,1,0,0,0,0,0,0,0,1,0,0,0,0,0,0,0,0,0,0,0,0,0,0,2,0,0,2,2
454,1999,SI,Crest,2,0,0,0,0,0,0,0,0,0,0,0,0,0,0,0,0,0,0,0,0,0,0,2,0,0,1,2
455,1999,SI,Crest,2,0,2,0,0,0,0,0,0,0,0,0,0,0,0,2,0,0,0,0,0,0,3,4,2,3,4,9
456,1999,SI,Slope,0,0,1,0,0,0,0,2,0,2,0,0,0,0,0,0,0,0,0,0,0,0,1,5,0,1,4,6
457,1999,SI,Slope,1,0,0,1,0,0,0,0,0,2,0,0,0,0,0,0,2,0,0,0,0,0,2,4,0,4,5,8
458,1999,SI,Slope,0,0,0,0,0,0,0,3,1,0,0,0,0,0,0,0,0,0,0,0,0,0,0,4,0,0,2,4
459,1999,SI,Slope,0,0,0,0,0,0,1,0,0,0,0,0,0,0,0,0,0,0,0,0,0,0,4,1,0,4,2,5
460,1999,SI,Slope,0,0,2,0,0,0,0,0,0,0,0,0,0,0,0,0,0,0,0,0,0,0,1,2,0,1,2,3
461,1999,SI,Base,0,0,0,0,0,0,0,0,0,0,0,2,0,0,0,0,0,0,0,0,0,0,1,0,2,1,2,3
462,1999,SI,Base,0,0,1,0,0,0,0,1,0,0,0,0,0,0,0,0,4,0,0,0,0,0,0,2,0,4,3,6
463,1999,SI,Base,0,0,0,0,0,0,0,0,0,0,0,2,0,0,0,0,0,0,0,0,0,0,0,0,2,0,1,2
464,1999,SI,Base,0,0,0,0,0,0,0,0,0,0,0,0,1,0,0,0,0,0,0,0,0,0,0,0,1,0,1,1
465,1999,SI,Base,0,0,2,0,0,0,0,0,0,0,0,1,0,0,0,0,2,0,0,0,0,0,1,2,1,3,4,6
466,2002,NR,Flat,3,0,3,0,0,0,0,0,0,0,0,0,0,0,0,1,0,0,0,0,0,0,2,6,1,2,4,9
467,2002,NR,Flat,4,0,4,0,0,0,0,0,0,0,1,2,0,0,0,0,0,0,0,0,0,0,2,8,3,2,5,13
468,2002,NR,Flat,3,0,2,0,0,0,0,0,0,0,6,0,0,0,0,0,0,0,0,0,0,0,1,5,6,1,4,12
469,2002,NR,Flat,3,0,4,0,0,0,0,0,2,0,5,1,0,0,0,0,0,0,0,0,0,0,1,9,6,1,6,16
470,2002,NR,Flat,1,0,0,0,0,0,0,0,1,0,2,0,0,0,0,0,0,0,0,0,0,0,0,2,2,0,3,4
471,2002,NR,Crest,6,0,2,0,0,0,0,0,0,0,1,2,0,0,0,0,0,0,0,0,0,0,0,8,3,0,4,11
472,2002,NR,Crest,2,0,2,0,0,0,1,0,0,0,2,2,0,0,0,0,0,0,0,0,0,0,4,5,4,4,6,13
473,2002,NR,Crest,3,1,2,0,0,0,0,0,0,0,5,0,0,0,0,0,0,0,0,0,0,0,0,6,5,0,4,11
474,2002,NR,Crest,4,0,4,0,0,0,0,0,0,0,1,0,0,0,0,0,0,0,0,0,0,0,0,8,1,0,3,9
475,2002,NR,Crest,7,0,3,0,0,0,0,0,0,0,3,0,0,0,0,0,0,0,0,0,0,0,0,10,3,0,3,13
476,2002,NR,Slope,0,0,0,0,0,0,0,0,0,0,0,0,0,0,0,0,0,0,0,0,0,0,2,0,0,2,1,2
477,2002,NR,Slope,1,0,8,0,0,0,0,0,0,0,0,0,0,0,0,0,0,0,0,0,0,0,0,9,0,0,2,9
478,2002,NR,Slope,0,0,2,0,0,0,0,0,0,0,0,0,0,0,0,0,0,0,0,0,0,0,0,2,0,0,1,2
479,2002,NR,Slope,2,0,2,0,0,0,0,0,0,0,3,0,0,0,0,0,0,0,0,0,0,0,0,4,3,0,3,7
480,2002,NR,Slope,0,0,3,0,0,0,0,0,0,0,1,0,0,0,0,0,0,0,0,0,0,0,0,3,1,0,2,4
481,2002,NR,Base,1,0,0,0,0,0,0,0,0,0,0,2,0,0,0,0,0,0,0,0,0,0,1,1,2,1,3,4
482,2002,NR,Base,1,0,3,0,0,0,0,0,0,0,0,0,0,0,0,0,0,0,0,0,0,0,2,4,0,2,3,6
483,2002,NR,Base,2,0,0,0,0,0,0,0,0,0,0,0,0,0,0,0,0,0,0,0,0,0,0,2,0,0,1,2
484,2002,NR,Base,0,0,2,0,0,0,0,0,0,0,0,0,0,0,0,0,0,0,0,0,0,0,1,2,0,1,2,3
485,2002,NR,Base,0,0,0,0,0,0,0,0,2,0,0,0,0,0,0,0,1,0,0,0,0,0,2,2,0,3,3,5
486,2002,WM,Flat,0,0,2,0,0,0,0,0,0,0,5,1,0,0,0,0,0,0,0,0,0,0,0,2,6,0,3,8
487,2002,WM,Flat,1,0,2,0,0,0,0,0,1,0,8,0,0,0,0,0,0,0,0,0,0,0,2,4,8,2,5,14
488,2002,WM,Flat,0,0,6,0,0,0,0,0,0,0,4,2,0,0,0,0,0,0,1,0,0,0,4,6,6,5,5,17
489,2002,WM,Flat,1,0,5,0,0,0,2,0,0,0,7,0,0,0,0,0,0,0,0,1,0,0,4,8,7,5,6,20
490,2002,WM,Flat,2,0,2,0,0,0,0,1,0,0,6,0,0,0,0,0,0,0,0,0,0,0,2,5,6,2,5,13
491,2002,WM,Crest,3,0,6,1,0,0,0,0,0,0,2,0,0,0,0,0,0,0,1,0,0,0,0,10,2,1,5,13
492,2002,WM,Crest,6,2,2,0,0,0,0,0,0,0,2,0,0,0,0,0,0,0,0,0,0,0,0,10,2,0,4,12
493,2002,WM,Crest,3,0,5,1,0,0,0,0,0,0,0,0,0,0,0,0,0,0,0,0,0,0,0,9,0,0,3,9
494,2002,WM,Crest,3,2,4,0,0,0,0,1,0,0,0,0,0,0,0,0,0,0,0,0,2,0,0,10,0,2,5,12
495,2002,WM,Crest,7,4,4,0,0,0,0,0,0,0,0,0,0,0,0,0,0,0,0,0,2,0,0,15,0,2,4,17
496,2002,WM,Slope,0,0,2,1,0,0,0,0,1,0,0,0,0,0,1,0,3,0,0,0,0,0,0,4,1,3,5,8
497,2002,WM,Slope,0,0,2,0,0,0,0,0,0,0,0,2,0,0,0,0,0,0,0,0,0,0,2,2,2,2,3,6
498,2002,WM,Slope,0,0,5,3,0,0,0,1,0,0,0,1,0,0,0,0,0,0,0,0,0,0,2,9,1,2,5,12
499,2002,WM,Slope,0,0,3,0,0,0,1,0,2,0,2,0,0,0,0,0,0,0,0,0,0,0,1,6,2,1,5,9
500,2002,WM,Slope,2,0,4,0,0,0,1,2,0,1,0,0,0,0,0,0,0,0,1,0,0,0,1,10,0,2,7,12
501,2002,WM,Base,0,0,3,0,0,0,0,0,0,0,0,0,0,0,0,0,0,0,0,0,0,0,0,3,0,0,1,3
502,2002,WM,Base,0,0,2,0,0,0,0,0,2,0,0,0,0,0,0,0,2,0,0,0,0,0,0,4,0,2,3,6
503,2002,WM,Base,0,0,2,0,0,0,0,0,2,0,0,0,0,0,0,0,2,0,0,0,0,0,0,4,0,2,3,6
504,2002,WM,Base,0,0,2,0,0,0,1,0,1,0,0,2,0,0,0,0,3,0,0,0,0,0,0,4,2,3,5,9
505,2002,WM,Base,0,0,4,0,0,0,0,0,0,0,0,0,1,0,0,0,0,0,0,0,0,0,0,4,1,0,2,5
506,2002,LH,Flat,0,0,3,0,0,0,0,0,0,0,2,0,0,0,0,0,0,0,0,0,0,0,2,3,2,2,3,7
507,2002,LH,Flat,0,0,0,0,0,0,0,1,1,0,7,0,0,0,0,0,1,0,0,0,0,0,0,2,7,1,4,10
508,2002,LH,Flat,0,0,3,0,0,0,0,0,0,0,6,1,0,0,0,0,0,0,0,1,0,0,0,3,7,1,4,11
509,2002,LH,Flat,0,1,2,0,0,0,0,0,0,0,4,0,0,0,0,0,1,0,0,0,0,0,0,3,4,1,4,8
510,2002,LH,Flat,0,0,2,0,0,0,0,0,0,2,5,0,0,0,0,0,0,0,0,0,0,0,0,4,5,0,3,9
511,2002,LH,Crest,1,0,3,0,0,0,0,0,0,0,1,0,0,0,0,0,0,0,0,0,0,0,0,4,1,0,3,5
512,2002,LH,Crest,3,0,0,0,0,0,0,0,0,0,2,0,0,0,0,0,1,0,0,0,0,0,1,3,2,2,4,7
513,2002,LH,Crest,2,0,8,0,0,0,0,0,0,0,2,0,0,0,0,0,0,0,0,0,0,0,2,10,2,2,4,14
514,2002,LH,Crest,3,0,3,0,0,0,0,0,0,0,1,0,0,0,0,0,0,0,0,0,0,0,1,6,1,1,4,8
515,2002,LH,Crest,4,0,0,0,0,0,0,0,0,0,1,0,0,0,0,0,0,0,0,0,0,0,0,4,1,0,2,5
516,2002,LH,Slope,0,0,4,0,0,0,0,0,0,0,0,0,0,0,0,0,0,0,0,0,0,0,0,4,0,0,1,4
517,2002,LH,Slope,0,0,0,0,0,0,2,0,5,2,0,0,0,0,0,0,1,0,0,1,0,0,3,9,0,5,6,14
518,2002,LH,Slope,0,0,2,0,0,0,0,0,2,0,0,0,0,0,0,0,1,0,0,0,0,0,1,4,0,2,4,6
519,2002,LH,Slope,0,0,2,0,0,0,2,0,2,0,1,0,0,0,1,0,1,0,0,0,0,0,2,6,2,3,7,11
520,2002,LH,Slope,0,0,4,0,0,0,0,1,2,0,0,2,0,0,0,0,0,0,0,0,0,0,2,7,2,2,5,11
521,2002,LH,Base,0,0,0,0,0,0,0,0,0,0,0,0,0,0,0,0,0,0,0,0,0,0,1,0,0,1,1,1
522,2002,LH,Base,0,0,0,0,0,0,0,0,1,0,0,0,1,0,0,0,2,0,0,0,0,0,5,1,1,7,4,9
523,2002,LH,Base,1,0,0,0,0,0,0,0,1,0,0,0,0,0,0,1,4,0,0,0,0,0,0,2,1,4,4,7
524,2002,LH,Base,0,0,2,0,0,0,1,0,0,0,0,0,0,0,0,0,0,0,0,0,0,0,0,3,0,0,2,3
525,2002,LH,Base,0,0,2,0,0,0,0,0,0,0,0,0,0,0,0,0,1,0,0,0,0,0,2,2,0,3,3,5
526,2002,SI,Flat,2,0,0,0,0,0,0,3,0,0,7,0,0,0,0,0,0,0,0,0,0,0,2,5,7,2,4,14
527,2002,SI,Flat,0,1,2,0,0,0,0,2,1,0,5,3,1,0,0,0,0,0,0,0,0,0,0,6,9,0,7,15
528,2002,SI,Flat,0,0,2,0,0,0,1,0,0,0,2,0,0,0,0,0,0,0,0,0,0,0,1,3,2,1,4,6
529,2002,SI,Flat,0,2,2,0,0,0,2,0,1,0,3,0,0,0,0,0,1,0,0,0,0,0,0,7,3,1,6,11
530,2002,SI,Flat,0,0,2,0,0,0,0,0,0,0,5,0,0,0,0,0,0,0,0,0,0,0,2,2,5,2,3,9
531,2002,SI,Crest,0,0,4,0,0,0,0,0,0,0,1,0,0,0,0,0,0,0,0,0,0,0,0,4,1,0,2,5
532,2002,SI,Crest,0,0,2,0,0,0,0,0,0,0,2,0,1,0,0,0,0,0,0,0,0,0,0,2,3,0,3,5
533,2002,SI,Crest,3,0,2,0,0,0,0,0,0,0,1,0,0,0,0,0,0,0,0,0,0,0,0,5,1,0,3,6
534,2002,SI,Crest,0,2,1,1,0,0,0,1,0,0,3,3,2,0,0,1,0,0,0,1,0,0,0,5,9,1,9,15
535,2002,SI,Crest,3,5,4,0,0,0,0,0,0,0,0,0,0,0,0,0,0,0,0,0,0,0,0,12,0,0,3,12
536,2002,SI,Slope,0,0,1,0,0,0,0,1,0,0,0,0,0,0,0,0,1,0,0,0,0,0,7,2,0,8,4,10
537,2002,SI,Slope,0,0,0,0,0,0,0,0,0,0,0,0,0,0,0,0,0,0,0,0,0,0,2,0,0,2,1,2
538,2002,SI,Slope,0,0,2,0,0,0,0,0,2,0,0,0,0,0,0,0,0,0,0,0,0,0,1,4,0,1,3,5
539,2002,SI,Slope,0,0,2,0,0,0,0,0,0,0,0,0,0,0,0,0,1,0,0,0,0,0,1,2,0,2,3,4
540,2002,SI,Slope,0,0,0,0,0,0,0,0,0,2,2,2,0,0,0,0,0,0,0,0,0,0,1,2,4,1,4,7
541,2002,SI,Base,0,0,0,0,0,0,0,0,0,0,0,0,2,0,0,0,1,0,0,0,0,0,1,0,2,2,3,4
542,2002,SI,Base,0,0,0,0,0,0,0,0,2,0,0,1,0,0,0,0,1,0,0,0,0,0,2,2,1,3,4,6
543,2002,SI,Base,0,0,0,0,0,0,0,0,0,0,0,0,0,0,0,0,0,0,0,0,0,0,3,0,0,3,1,3
544,2002,SI,Base,0,0,4,0,0,0,0,0,0,0,0,2,0,0,0,0,1,0,0,0,0,0,0,4,2,1,3,7
545,2002,SI,Base,0,0,1,0,0,0,0,0,0,0,0,0,1,0,0,0,3,0,0,0,0,0,0,1,1,3,3,5
546,2009,NR,Flat,0,1,0,0,0,0,0,0,0,0,2,0,0,0,0,0,0,0,0,0,0,0,2,1,2,2,3,5
547,2009,NR,Flat,1,0,2,0,0,0,2,0,0,0,4,0,0,0,0,0,0,0,0,0,2,0,1,5,4,3,6,12
548,2009,NR,Flat,0,0,2,0,0,0,0,0,0,0,4,0,0,0,0,0,0,0,0,0,0,0,2,2,4,2,3,8
549,2009,NR,Flat,0,0,6,0,0,0,0,0,0,0,3,0,0,0,0,0,0,0,0,0,0,0,0,6,3,0,2,9
550,2009,NR,Flat,0,1,4,0,0,0,1,0,0,0,5,0,0,0,0,0,0,0,0,0,0,0,0,6,5,0,4,11
551,2009,NR,Crest,8,1,2,0,0,0,0,0,0,0,4,0,0,0,0,0,0,0,0,0,0,0,0,11,4,0,4,15
552,2009,NR,Crest,5,0,4,0,0,0,0,0,0,0,5,1,0,0,0,0,0,0,0,0,0,0,2,9,6,2,5,17
553,2009,NR,Crest,4,0,2,0,0,0,0,0,0,0,0,2,0,0,0,0,0,0,0,0,0,0,3,6,2,3,4,11
554,2009,NR,Crest,8,2,2,0,0,0,0,0,0,0,4,1,0,0,0,0,0,0,0,0,0,0,0,12,5,0,5,17
555,2009,NR,Crest,8,4,0,0,0,0,0,0,0,0,5,0,0,0,0,0,0,0,0,0,0,0,0,12,5,0,3,17
556,2009,NR,Slope,3,1,4,0,0,0,0,0,0,0,1,0,0,0,0,0,0,0,0,0,0,0,0,8,1,0,4,9
557,2009,NR,Slope,4,1,2,0,0,0,0,0,0,0,0,0,0,0,0,0,0,0,0,0,0,0,0,7,0,0,3,7
558,2009,NR,Slope,4,0,0,0,0,0,0,0,0,0,1,0,0,0,0,0,0,0,0,0,0,0,2,4,1,2,3,7
559,2009,NR,Slope,2,2,2,0,0,0,0,0,0,0,2,0,0,0,0,0,0,0,0,0,0,0,0,6,2,0,4,8
560,2009,NR,Slope,5,0,2,0,0,0,0,1,1,0,2,0,0,0,0,0,0,0,0,0,0,0,0,9,2,0,5,11
561,2009,NR,Base,3,0,0,0,0,0,0,0,0,0,2,0,3,0,0,0,1,0,0,0,0,0,0,3,5,1,4,9
562,2009,NR,Base,4,0,2,0,0,0,0,0,0,0,1,0,1,0,0,0,0,0,0,0,0,0,0,6,2,0,4,8
563,2009,NR,Base,1,0,2,0,0,0,0,0,0,0,1,0,0,0,0,0,2,0,0,0,0,0,1,3,1,3,5,7
564,2009,NR,Base,2,2,6,0,0,0,0,0,2,0,1,1,3,0,0,0,1,0,0,0,0,0,0,12,5,1,8,18
565,2009,NR,Base,2,0,0,0,0,0,0,0,0,0,3,0,0,0,0,0,0,0,0,0,0,0,0,2,3,0,2,5
566,2009,WM,Flat,2,0,4,0,0,0,0,0,0,0,4,2,0,0,0,0,0,0,0,0,0,0,4,6,6,4,5,16
567,2009,WM,Flat,3,0,0,0,0,0,0,0,0,0,4,2,0,0,0,0,0,0,0,0,0,0,0,3,6,0,3,9
568,2009,WM,Flat,3,1,2,0,0,0,0,0,0,0,7,0,0,0,0,0,0,0,0,0,2,0,2,6,7,4,6,17
569,2009,WM,Flat,0,0,2,0,0,0,0,0,0,0,8,0,0,0,0,0,0,0,0,0,2,0,0,2,8,2,3,12
570,2009,WM,Flat,0,0,6,0,0,0,0,0,0,0,4,0,0,0,0,0,0,0,0,0,0,0,0,6,4,0,2,10
571,2009,WM,Crest,2,0,0,0,0,0,0,0,0,0,2,0,0,0,0,0,0,0,0,0,2,0,0,2,2,2,3,6
572,2009,WM,Crest,2,2,2,0,0,0,0,0,0,0,1,0,0,0,1,0,0,0,0,0,0,0,3,6,2,3,6,11
573,2009,WM,Crest,6,0,0,0,0,0,0,0,1,0,0,2,0,0,0,0,0,0,0,0,0,0,2,7,2,2,4,11
574,2009,WM,Crest,0,0,4,0,0,0,0,0,0,0,1,0,0,0,0,0,0,0,0,0,0,0,0,4,1,0,2,5
575,2009,WM,Crest,0,0,2,0,0,0,0,0,0,0,2,0,0,0,0,0,0,0,1,0,0,0,2,2,2,3,4,7
576,2009,WM,Slope,0,0,0,0,0,0,0,1,0,0,0,0,0,0,1,0,0,0,0,0,0,0,0,1,1,0,2,2
577,2009,WM,Slope,6,1,4,0,0,0,0,0,0,0,0,0,0,0,0,0,1,0,0,0,0,0,0,11,0,1,4,12
578,2009,WM,Slope,0,0,1,0,0,0,0,0,0,0,1,0,0,0,1,0,0,0,0,0,0,0,1,1,2,1,4,4
579,2009,WM,Slope,2,0,0,0,0,0,0,0,0,1,0,0,0,0,0,0,0,0,0,0,0,0,0,3,0,0,2,3
580,2009,WM,Slope,2,0,2,1,0,0,0,0,3,0,1,0,0,0,0,0,0,0,1,0,0,0,0,8,1,1,6,10
581,2009,WM,Base,0,0,2,0,0,0,0,0,0,0,0,0,0,0,0,0,0,0,0,0,0,0,0,2,0,0,1,2
582,2009,WM,Base,0,0,6,0,0,0,1,0,4,3,0,0,0,0,0,0,0,0,0,0,0,0,1,14,0,1,5,15
583,2009,WM,Base,1,0,1,0,0,0,1,0,0,0,0,0,0,0,0,0,0,0,0,0,0,0,0,3,0,0,3,3
584,2009,WM,Base,2,0,0,0,0,0,0,0,1,0,0,0,3,0,0,0,0,0,0,0,0,0,2,3,3,2,4,8
585,2009,WM,Base,0,0,3,0,0,0,0,0,0,0,0,0,0,1,0,0,0,0,0,0,0,0,0,3,1,0,2,4
586,2009,LH,Flat,0,2,0,0,0,0,1,3,0,0,4,0,0,0,0,0,0,0,0,0,0,0,2,6,4,2,5,12
587,2009,LH,Flat,1,0,2,0,0,0,0,1,0,1,0,0,0,0,0,0,2,0,0,0,0,0,0,5,0,2,5,7
588,2009,LH,Flat,2,0,0,0,0,0,0,0,0,0,3,0,0,0,0,0,0,0,0,0,0,0,2,2,3,2,3,7
589,2009,LH,Flat,0,0,2,0,0,0,1,3,0,0,3,0,0,0,0,0,0,0,0,0,0,0,3,6,3,3,5,12
590,2009,LH,Flat,0,0,0,0,0,0,0,1,0,0,4,0,0,0,0,0,0,0,0,0,0,0,2,1,4,2,3,7
591,2009,LH,Crest,1,3,2,0,0,0,0,0,0,0,1,0,0,0,0,0,0,0,0,0,0,0,2,6,1,2,5,9
592,2009,LH,Crest,0,2,5,0,0,0,1,0,1,0,1,0,0,0,0,0,2,0,0,0,2,0,3,9,1,7,8,17
593,2009,LH,Crest,2,0,7,0,0,0,1,0,0,0,0,0,0,0,0,0,0,0,0,0,0,0,0,10,0,0,3,10
594,2009,LH,Crest,0,2,4,0,0,0,2,0,0,0,1,0,0,0,0,0,2,0,0,0,0,0,3,8,1,5,6,14
595,2009,LH,Crest,1,2,2,0,0,1,2,0,0,0,2,0,3,0,0,0,1,0,2,0,0,0,0,8,5,3,9,16
596,2009,LH,Slope,1,0,4,1,0,0,0,0,0,0,0,0,0,0,0,0,0,0,0,0,0,0,0,6,0,0,3,6
597,2009,LH,Slope,0,0,4,0,0,0,0,2,0,0,0,0,0,0,0,1,0,0,0,0,0,0,5,6,1,5,4,12
598,2009,LH,Slope,1,0,2,0,0,0,0,1,0,0,0,0,0,0,0,0,1,0,2,0,0,0,0,4,0,3,5,7
599,2009,LH,Slope,0,0,2,0,0,0,1,0,1,0,0,0,0,0,0,0,0,0,0,0,0,0,0,4,0,0,3,4
600,2009,LH,Slope,1,0,1,0,0,0,0,0,3,0,0,0,1,0,0,0,0,0,0,0,0,0,0,5,1,0,4,6
601,2009,LH,Base,0,0,0,0,0,0,0,0,3,0,0,1,0,0,0,0,1,0,0,0,0,0,0,3,1,1,3,5
602,2009,LH,Base,0,0,1,0,0,0,0,0,0,0,0,0,0,0,0,0,2,0,0,0,0,0,1,1,0,3,3,4
603,2009,LH,Base,0,0,1,0,0,0,0,0,0,0,0,1,0,0,0,0,0,0,0,0,0,0,7,1,1,7,3,9
604,2009,LH,Base,0,0,4,0,0,0,0,0,1,0,0,0,0,0,0,0,2,0,0,0,0,0,3,5,0,5,4,10
605,2009,LH,Base,0,0,1,0,0,0,0,1,1,0,0,0,4,0,0,0,3,0,0,0,0,0,1,3,4,4,6,11
606,2009,SI,Flat,0,0,2,0,0,0,0,2,1,0,4,1,0,0,0,0,0,0,0,0,0,0,1,5,5,1,6,11
607,2009,SI,Flat,0,2,2,0,0,0,0,0,0,0,1,0,0,0,0,0,0,0,0,0,0,0,1,4,1,1,4,6
608,2009,SI,Flat,0,0,0,0,0,0,0,5,0,0,0,0,0,0,0,0,2,0,0,0,0,0,1,5,0,3,3,8
609,2009,SI,Flat,0,0,0,0,0,0,0,1,0,0,4,0,0,0,0,0,0,0,0,0,0,0,2,1,4,2,3,7
610,2009,SI,Flat,0,0,0,0,0,0,0,2,0,0,2,0,0,0,0,0,0,0,0,0,0,0,2,2,2,2,3,6
611,2009,SI,Crest,1,1,6,0,0,0,0,3,0,0,2,0,0,0,0,0,0,0,0,0,0,0,2,11,2,2,6,15
612,2009,SI,Crest,1,3,1,0,0,0,1,3,0,0,1,2,0,0,0,0,2,0,0,0,0,0,2,9,3,4,9,16
613,2009,SI,Crest,3,2,2,0,0,0,0,0,0,0,0,0,0,0,0,0,1,0,0,0,0,0,0,7,0,1,4,8
614,2009,SI,Crest,1,2,5,0,0,0,0,2,0,0,0,2,0,0,0,0,0,0,0,0,0,0,3,10,2,3,6,15
615,2009,SI,Crest,5,0,4,0,0,0,0,1,0,0,3,0,0,0,0,0,0,0,0,0,0,0,2,10,3,2,5,15
616,2009,SI,Slope,0,0,1,0,0,0,0,1,0,0,0,0,0,0,0,0,2,0,0,0,0,0,0,2,0,2,3,4
617,2009,SI,Slope,0,0,2,0,0,0,0,1,1,0,0,0,0,0,0,0,0,0,0,0,0,0,1,4,0,1,4,5
618,2009,SI,Slope,0,0,2,0,0,0,0,3,0,0,0,0,0,0,0,0,1,0,0,0,0,0,1,5,0,2,4,7
619,2009,SI,Slope,0,0,1,0,0,0,0,1,0,0,0,0,0,0,0,0,0,0,0,0,0,0,1,2,0,1,3,3
620,2009,SI,Slope,1,0,0,0,0,0,0,1,0,0,0,2,2,0,0,1,0,0,0,0,0,0,2,2,5,2,6,9
621,2009,SI,Base,1,0,2,0,0,0,1,1,0,0,0,0,0,0,0,0,1,0,0,0,0,0,0,5,0,1,5,6
622,2009,SI,Base,3,0,3,0,0,0,0,1,0,0,0,0,0,0,0,0,0,0,0,0,0,0,0,7,0,0,3,7
623,2009,SI,Base,0,0,2,0,0,0,2,0,0,0,0,0,0,0,0,0,0,0,0,0,0,0,1,4,0,1,3,5
624,2009,SI,Base,1,0,3,0,0,0,0,0,0,0,0,0,0,0,0,0,0,0,1,0,0,0,0,4,0,1,3,5
625,2009,SI,Base,2,0,2,0,0,0,0,1,0,1,0,0,0,0,0,0,0,0,0,0,0,0,2,6,0,2,5,8
626,2011,NR,Flat,0,1,1,0,0,0,0,0,0,0,3,0,0,0,0,0,1,0,0,0,0,0,0,2,3,1,4,6
627,2011,NR,Flat,1,0,0,0,0,0,0,0,0,0,5,0,0,0,0,0,0,0,0,0,0,0,0,1,5,0,2,6
628,2011,NR,Flat,0,0,0,0,0,0,0,0,0,0,8,0,0,0,0,0,0,0,0,0,0,0,0,0,8,0,1,8
629,2011,NR,Flat,0,0,2,0,0,0,0,0,0,0,4,0,0,0,0,0,0,0,0,0,0,0,0,2,4,0,2,6
630,2011,NR,Flat,0,1,2,0,0,0,0,0,0,0,2,0,0,0,0,0,0,0,0,0,0,0,0,3,2,0,3,5
631,2011,NR,Crest,10,2,2,0,0,0,0,0,0,0,3,0,0,0,0,0,0,0,0,0,0,0,0,14,3,0,4,17
632,2011,NR,Crest,10,2,2,0,0,0,0,0,2,0,8,0,0,0,0,0,0,0,0,0,0,0,0,16,8,0,5,24
633,2011,NR,Crest,12,5,0,0,0,0,0,0,0,0,7,0,0,0,0,0,0,0,0,0,0,0,0,17,7,0,3,24
634,2011,NR,Crest,11,5,5,0,0,0,1,0,0,0,2,0,0,0,0,0,0,0,0,0,0,0,3,22,2,3,6,27
635,2011,NR,Crest,10,1,1,0,0,0,0,0,0,0,9,0,0,0,0,0,0,0,0,0,0,0,2,12,9,2,5,23
636,2011,NR,Slope,6,3,2,0,0,0,0,0,0,0,2,0,0,0,0,0,0,0,0,0,0,0,0,11,2,0,4,13
637,2011,NR,Slope,4,2,0,0,0,0,0,0,0,0,1,0,0,0,0,0,1,0,0,0,0,0,0,6,1,1,4,8
638,2011,NR,Slope,7,2,2,0,0,0,0,0,0,0,4,0,0,0,0,2,0,0,0,0,0,1,0,11,6,1,6,18
639,2011,NR,Slope,9,0,0,0,0,0,0,1,0,0,0,0,0,0,0,0,0,0,0,0,0,0,2,10,0,2,3,12
640,2011,NR,Slope,5,3,1,0,0,0,0,0,0,0,2,0,0,0,0,0,0,0,0,0,0,0,0,9,2,0,4,11
641,2011,NR,Base,1,0,4,0,0,0,0,0,1,0,0,0,1,0,0,0,0,0,0,0,0,0,0,6,1,0,4,7
642,2011,NR,Base,1,0,2,0,0,0,0,0,1,0,2,0,0,0,0,0,0,0,0,0,0,0,2,4,2,2,5,8
643,2011,NR,Base,0,0,0,0,0,0,0,0,0,0,1,0,1,0,0,0,0,0,0,0,0,0,2,0,2,2,3,4
644,2011,NR,Base,1,0,6,0,0,0,0,0,0,0,0,0,0,0,0,0,1,0,0,0,0,0,0,7,0,1,3,8
645,2011,NR,Base,1,0,2,0,0,0,0,0,0,0,0,0,0,0,0,0,1,0,0,0,0,0,0,3,0,1,3,4
646,2011,WM,Flat,0,0,1,0,0,0,1,0,1,0,3,0,1,0,0,0,0,0,0,0,0,0,2,3,4,2,6,9
647,2011,WM,Flat,0,0,3,0,0,0,1,0,1,0,1,0,0,0,0,0,0,0,0,0,1,0,1,5,1,2,6,8
648,2011,WM,Flat,0,0,2,0,0,0,1,0,0,0,5,0,0,0,0,0,0,0,0,0,0,0,4,3,5,4,4,12
649,2011,WM,Flat,1,0,0,0,0,0,1,0,0,0,4,0,0,0,0,0,2,0,0,0,0,0,0,2,4,2,4,8
650,2011,WM,Flat,1,1,2,0,0,0,0,0,0,0,2,2,0,0,0,0,0,0,0,0,0,0,0,4,4,0,5,8
651,2011,WM,Crest,3,3,2,0,0,0,0,0,1,0,2,0,0,0,0,0,0,0,0,0,0,0,0,9,2,0,5,11
652,2011,WM,Crest,2,2,2,0,0,0,0,0,0,0,3,4,0,0,0,0,0,0,0,0,0,0,0,6,7,0,5,13
653,2011,WM,Crest,1,1,4,0,0,0,1,0,0,0,3,0,0,0,0,0,0,0,0,0,0,0,1,7,3,1,6,11
654,2011,WM,Crest,4,2,2,0,0,0,0,0,1,0,1,0,0,0,0,0,0,0,0,0,2,0,0,9,1,2,6,12
655,2011,WM,Crest,4,1,0,0,0,0,0,0,0,0,4,0,0,0,0,0,0,0,1,0,0,0,0,5,4,1,4,10
656,2011,WM,Slope,3,0,2,0,0,1,0,0,1,0,2,0,0,0,0,0,0,1,4,0,0,0,2,7,2,7,8,16
657,2011,WM,Slope,3,1,0,0,0,0,1,0,0,0,0,0,0,0,0,0,0,0,2,0,0,0,3,5,0,5,5,10
658,2011,WM,Slope,4,0,0,3,0,0,0,0,0,0,1,3,1,0,0,0,0,0,0,0,0,0,2,7,5,2,6,14
659,2011,WM,Slope,3,1,2,0,0,1,0,0,0,0,0,0,0,0,0,0,0,0,0,0,0,0,0,7,0,0,4,7
660,2011,WM,Slope,5,1,1,0,0,0,0,0,1,0,0,0,0,0,0,0,0,0,0,0,0,0,2,8,0,2,5,10
661,2011,WM,Base,1,0,3,0,0,1,1,0,0,0,0,0,1,0,0,0,0,0,0,0,0,0,0,6,1,0,5,7
662,2011,WM,Base,2,0,3,0,0,0,0,0,0,0,1,0,2,0,0,0,0,0,0,0,0,0,0,5,3,0,4,8
663,2011,WM,Base,0,0,2,0,0,0,0,0,0,0,0,0,0,0,0,0,1,0,0,0,0,0,0,2,0,1,2,3
664,2011,WM,Base,1,0,1,1,0,0,0,0,0,0,0,0,0,0,0,0,2,0,0,0,0,0,0,3,0,2,4,5
665,2011,WM,Base,1,0,0,0,1,0,0,2,0,0,0,0,1,0,0,0,0,0,1,0,0,0,1,4,1,2,6,7
666,2011,LH,Flat,0,0,0,0,0,0,0,0,0,0,1,0,0,0,0,0,0,0,0,1,0,0,3,0,1,4,3,5
667,2011,LH,Flat,1,2,0,0,0,0,0,2,1,0,2,0,0,0,0,0,0,0,0,1,0,0,5,6,2,6,7,14
668,2011,LH,Flat,0,0,2,0,0,0,0,0,0,0,0,0,0,0,0,0,4,0,0,0,0,0,3,2,0,7,3,9
669,2011,LH,Flat,0,0,0,0,0,0,0,1,0,0,1,0,1,0,0,0,0,0,0,0,0,0,2,1,2,2,4,5
670,2011,LH,Flat,0,0,0,0,0,0,0,0,0,0,4,0,0,0,0,0,0,0,0,0,0,0,3,0,4,3,2,7
671,2011,LH,Crest,1,0,1,0,0,0,0,1,0,0,1,0,0,0,0,0,0,0,0,0,0,0,2,3,1,2,5,6
672,2011,LH,Crest,0,1,0,0,0,0,0,0,0,0,3,0,0,0,0,0,0,0,0,0,0,0,1,1,3,1,3,5
673,2011,LH,Crest,1,0,2,0,0,0,0,0,0,0,1,0,0,0,0,0,0,0,0,0,0,0,0,3,1,0,3,4
674,2011,LH,Crest,0,0,1,0,0,0,0,0,0,0,5,0,0,0,0,0,0,0,0,0,0,0,1,1,5,1,3,7
675,2011,LH,Crest,0,2,0,0,0,0,0,0,0,0,1,0,0,0,0,0,0,0,0,0,0,0,2,2,1,2,3,5
676,2011,LH,Slope,0,0,2,0,0,0,0,0,0,0,0,0,0,0,0,0,0,0,0,0,0,0,2,2,0,2,2,4
677,2011,LH,Slope,0,0,2,0,0,0,0,0,0,0,0,0,0,0,0,0,0,0,0,0,1,0,0,2,0,1,2,3
678,2011,LH,Slope,1,0,2,0,0,0,0,0,3,0,0,0,0,0,0,0,0,0,1,0,0,0,0,6,0,1,4,7
679,2011,LH,Slope,0,1,2,0,0,0,0,0,2,0,0,0,0,0,0,0,0,0,0,0,0,0,2,5,0,2,4,7
680,2011,LH,Slope,1,0,4,0,0,0,2,1,0,0,0,1,0,0,0,0,0,0,0,0,0,0,0,8,1,0,5,9
681,2011,LH,Base,0,0,1,0,0,0,0,0,0,0,0,0,0,0,0,0,1,0,0,0,0,0,1,1,0,2,3,3
682,2011,LH,Base,0,0,4,0,0,0,0,0,1,0,0,0,0,0,0,0,1,0,0,0,0,0,1,5,0,2,4,7
683,2011,LH,Base,0,0,1,0,0,0,0,0,0,1,0,0,4,0,0,0,0,0,0,0,0,0,0,2,4,0,3,6
684,2011,LH,Base,0,0,2,0,0,0,0,0,0,0,0,0,0,0,0,0,1,0,2,0,0,0,1,2,0,4,4,6
685,2011,LH,Base,0,0,3,0,0,0,0,0,0,0,0,0,0,0,0,1,0,0,0,0,0,0,2,3,1,2,3,6
686,2011,SI,Flat,0,0,2,0,0,0,0,0,0,0,2,0,1,0,0,0,1,0,0,0,0,0,2,2,3,3,5,8
687,2011,SI,Flat,0,0,0,0,0,0,0,1,0,0,0,0,0,0,0,0,0,0,0,0,0,0,3,1,0,3,2,4
688,2011,SI,Flat,0,0,4,0,0,0,0,2,0,0,2,0,0,0,0,0,0,0,0,0,0,0,6,6,2,6,4,14
689,2011,SI,Flat,0,0,0,0,0,0,0,1,0,0,3,0,1,0,0,0,1,0,0,0,0,0,2,1,4,3,5,8
690,2011,SI,Flat,0,0,2,0,0,0,0,2,0,0,5,0,0,0,0,0,0,0,1,0,0,0,3,4,5,4,5,13
691,2011,SI,Crest,3,6,2,0,0,0,0,1,0,0,1,0,0,0,0,0,0,0,1,0,0,0,2,12,1,3,7,16
692,2011,SI,Crest,6,3,2,0,0,0,0,0,0,0,0,0,0,0,0,0,0,0,0,0,0,0,4,11,0,4,4,15
693,2011,SI,Crest,6,2,0,0,0,0,0,0,0,0,3,0,0,0,0,0,0,0,0,0,0,0,0,8,3,0,3,11
694,2011,SI,Crest,3,2,5,0,0,0,1,2,0,0,3,0,0,0,0,0,0,0,0,1,0,0,0,13,3,1,7,17
695,2011,SI,Crest,5,2,2,0,0,0,0,1,0,0,4,0,0,0,0,0,0,0,0,0,0,0,2,10,4,2,6,16
696,2011,SI,Slope,1,0,2,0,0,0,0,0,0,0,0,0,0,0,0,0,0,0,0,0,0,0,0,3,0,0,2,3
697,2011,SI,Slope,2,0,0,0,0,0,1,0,0,0,0,0,0,0,0,0,2,0,0,0,0,0,1,3,0,3,4,6
698,2011,SI,Slope,0,0,0,0,0,0,0,0,1,1,0,0,0,0,0,0,0,0,0,0,0,0,3,2,0,3,3,5
699,2011,SI,Slope,1,0,3,0,0,0,1,0,0,0,0,0,0,0,0,1,0,0,0,0,0,0,0,5,1,0,4,6
700,2011,SI,Slope,0,0,2,1,0,0,1,0,0,0,0,0,0,0,0,0,0,0,0,0,0,0,1,4,0,1,4,5
701,2011,SI,Base,0,0,5,0,0,0,0,0,0,0,0,0,0,0,0,0,0,0,0,0,0,0,0,5,0,0,1,5
702,2011,SI,Base,0,0,2,0,0,0,0,0,2,0,0,0,0,1,0,0,2,0,0,0,0,0,4,4,1,6,5,11
703,2011,SI,Base,0,0,3,1,0,0,0,0,0,0,0,0,1,0,0,0,0,0,0,0,0,0,1,4,1,1,4,6
704,2011,SI,Base,0,0,1,0,0,0,0,0,0,0,0,0,0,0,0,0,1,0,0,0,0,0,0,1,0,1,2,2
705,2011,SI,Base,0,0,2,0,0,0,0,0,0,0,0,0,0,0,0,0,0,0,0,0,0,0,2,2,0,2,2,4
706,2017,NR,Flat,0,0,0,0,0,0,0,0,0,0,10,0,0,0,0,0,0,0,0,1,0,0,0,0,10,1,2,11
707,2017,NR,Flat,0,0,0,0,0,0,0,0,0,0,9,0,0,0,0,0,0,0,0,0,0,0,2,0,9,2,2,11
708,2017,NR,Flat,0,0,2,0,0,0,0,0,2,0,10,0,0,0,0,0,0,0,0,0,0,0,2,4,10,2,4,16
709,2017,NR,Flat,0,0,2,0,0,0,0,0,1,0,0,0,0,0,0,0,0,0,0,0,0,0,3,3,0,3,3,6
710,2017,NR,Flat,0,0,0,0,0,0,0,0,2,0,6,0,0,0,0,0,0,0,0,0,0,0,3,2,6,3,3,11
711,2017,NR,Crest,0,0,0,0,0,0,0,0,0,0,9,1,0,0,0,0,0,0,0,0,0,0,0,0,10,0,2,10
712,2017,NR,Crest,1,0,1,0,0,0,0,0,0,0,5,0,0,0,0,0,0,0,0,0,0,0,2,2,5,2,4,9
713,2017,NR,Crest,0,0,4,0,0,0,0,0,0,0,10,0,0,0,0,0,0,0,0,0,0,0,2,4,10,2,3,16
714,2017,NR,Crest,1,0,0,0,0,0,0,0,0,0,17,0,0,0,0,0,0,0,0,0,0,0,2,1,17,2,3,20
715,2017,NR,Crest,0,0,4,0,0,0,0,0,0,0,5,0,0,0,0,0,0,0,0,0,0,0,0,4,5,0,2,9
716,2017,NR,Slope,0,0,0,0,0,0,0,0,0,0,5,0,0,0,0,0,1,0,2,0,0,0,0,0,5,3,3,8
717,2017,NR,Slope,0,0,0,0,0,0,0,0,0,0,4,2,0,0,0,0,0,0,0,0,0,0,2,0,6,2,3,8
718,2017,NR,Slope,1,0,4,0,0,0,0,0,0,0,5,0,0,0,0,0,0,0,0,0,0,0,0,5,5,0,3,10
719,2017,NR,Slope,0,0,0,0,0,1,0,0,0,0,3,0,0,0,0,0,0,0,0,0,0,0,1,1,3,1,3,5
720,2017,NR,Slope,0,0,2,0,0,0,0,0,0,0,4,0,0,0,0,0,0,0,0,0,0,0,0,2,4,0,2,6
721,2017,NR,Base,0,0,0,0,0,0,0,0,0,1,0,0,7,0,0,0,1,0,0,0,0,0,0,1,7,1,3,9
722,2017,NR,Base,0,0,0,0,0,0,0,0,0,0,0,0,6,0,0,0,0,0,0,0,0,0,1,0,6,1,2,7
723,2017,NR,Base,0,0,0,0,0,1,0,0,0,0,1,0,5,1,0,0,0,0,2,0,0,0,0,1,7,2,5,10
724,2017,NR,Base,0,0,0,0,0,0,0,0,0,0,0,1,4,0,0,0,0,0,0,0,0,0,3,0,5,3,3,8
725,2017,NR,Base,1,0,0,0,0,0,0,0,0,0,2,0,4,0,0,0,2,0,0,0,0,0,4,1,6,6,5,13
726,2017,WM,Flat,0,0,0,0,0,0,0,0,0,0,4,0,0,0,0,0,0,0,0,0,0,0,4,0,4,4,2,8
727,2017,WM,Flat,0,0,2,0,0,0,0,0,0,0,8,0,0,0,0,0,0,0,0,0,0,0,0,2,8,0,2,10
728,2017,WM,Flat,0,0,0,0,0,0,0,0,0,0,7,0,0,0,0,0,0,0,0,0,0,0,0,0,7,0,1,7
729,2017,WM,Flat,0,0,0,0,0,0,0,0,0,0,1,0,0,0,0,0,0,0,0,0,0,0,0,0,1,0,1,1
730,2017,WM,Flat,0,0,0,0,0,0,0,0,0,0,5,0,0,0,0,0,0,0,0,0,0,0,1,0,5,1,2,6
731,2017,WM,Crest,0,0,0,0,0,0,0,0,0,0,1,0,0,0,0,0,0,0,0,0,0,0,0,0,1,0,1,1
732,2017,WM,Crest,2,0,0,0,0,0,0,0,0,1,1,0,0,0,0,0,0,0,0,0,0,0,0,3,1,0,3,4
733,2017,WM,Crest,0,0,1,0,0,0,0,0,0,0,3,0,0,0,0,0,0,0,0,0,2,0,0,1,3,2,3,6
734,2017,WM,Crest,1,0,0,0,0,0,0,0,0,0,2,1,0,0,0,0,0,0,0,0,0,0,0,1,3,0,3,4
735,2017,WM,Crest,0,0,0,0,0,0,0,0,0,0,0,0,0,0,0,0,0,0,0,0,0,0,0,0,0,0,0,0
736,2017,WM,Slope,0,0,0,0,0,0,0,0,0,0,0,0,0,0,0,0,0,0,0,0,0,0,2,0,0,2,1,2
737,2017,WM,Slope,0,0,0,0,0,0,0,0,0,1,0,0,0,0,0,0,0,0,0,0,0,0,1,1,0,1,2,2
738,2017,WM,Slope,1,0,2,0,0,0,0,0,0,0,2,0,0,0,0,0,0,0,0,0,0,0,0,3,2,0,3,5
739,2017,WM,Slope,0,0,1,0,0,0,0,0,0,0,0,0,0,0,0,0,0,0,1,0,0,0,4,1,0,5,3,6
740,2017,WM,Slope,0,0,0,0,0,0,0,0,0,0,2,0,0,0,0,0,0,0,0,0,0,0,2,0,2,2,2,4
741,2017,WM,Base,0,0,1,0,0,0,0,2,1,0,0,0,6,0,0,0,0,0,0,0,0,0,0,4,6,0,4,10
742,2017,WM,Base,0,0,1,0,0,0,0,0,0,0,0,1,1,0,0,0,0,0,0,0,0,0,0,1,2,0,3,3
743,2017,WM,Base,0,0,2,0,0,0,0,0,0,0,0,0,8,0,0,0,0,0,0,0,0,0,0,2,8,0,2,10
744,2017,WM,Base,0,0,0,1,0,0,0,0,0,0,0,0,7,0,0,0,0,0,0,0,0,0,2,1,7,2,3,10
745,2017,WM,Base,0,0,0,0,0,0,0,0,0,0,0,0,9,0,0,0,0,0,0,0,0,0,1,0,9,1,2,10
746,2017,LH,Flat,0,0,0,0,0,0,0,0,0,0,3,0,0,0,0,0,0,0,0,0,0,0,0,0,3,0,1,3
747,2017,LH,Flat,0,0,0,0,0,0,0,0,0,0,2,0,0,0,0,0,4,0,0,0,0,0,0,0,2,4,2,6
748,2017,LH,Flat,0,0,0,0,0,0,0,0,0,0,6,0,0,0,0,0,0,0,0,0,0,0,0,0,6,0,1,6
749,2017,LH,Flat,0,0,0,0,0,0,0,0,0,0,5,0,0,0,0,0,0,0,0,0,0,0,5,0,5,5,2,10
750,2017,LH,Flat,0,0,0,0,0,0,0,0,0,0,3,0,0,0,0,0,1,0,0,0,0,0,2,0,3,3,3,6
751,2017,LH,Crest,0,0,2,0,0,0,0,0,0,0,5,0,0,0,0,0,0,0,0,0,0,0,0,2,5,0,2,7
752,2017,LH,Crest,0,0,0,0,0,0,0,0,0,0,3,0,0,0,0,0,0,0,0,0,0,0,1,0,3,1,2,4
753,2017,LH,Crest,0,0,2,0,0,0,0,0,0,0,3,0,0,0,0,0,0,0,0,0,0,0,0,2,3,0,2,5
754,2017,LH,Crest,0,0,0,0,0,0,0,0,0,0,4,0,0,0,0,0,0,0,0,0,0,0,1,0,4,1,2,5
755,2017,LH,Crest,0,0,0,0,0,0,0,0,0,0,6,1,0,0,0,0,0,0,0,0,0,0,0,0,7,0,2,7
756,2017,LH,Slope,0,0,0,0,0,0,0,0,2,0,0,0,0,0,0,0,2,0,0,0,0,0,3,2,0,5,3,7
757,2017,LH,Slope,0,0,2,0,0,0,0,1,2,0,0,0,0,0,0,0,0,0,0,2,0,0,2,5,0,4,5,9
758,2017,LH,Slope,0,0,2,0,0,0,0,0,0,0,0,2,0,0,0,0,0,0,0,0,0,0,1,2,2,1,3,5
759,2017,LH,Slope,0,0,0,0,0,0,0,0,0,0,0,0,0,0,0,0,0,0,1,1,0,0,0,0,0,2,2,2
760,2017,LH,Slope,0,0,0,0,0,0,0,0,0,2,0,0,0,0,0,0,0,0,0,0,0,0,0,2,0,0,1,2
761,2017,LH,Base,0,0,0,0,0,0,0,0,0,0,0,0,2,0,0,0,0,0,0,0,0,0,0,0,2,0,1,2
762,2017,LH,Base,0,0,0,0,0,0,0,0,0,0,0,0,0,0,0,0,3,0,0,0,0,0,3,0,0,6,2,6
763,2017,LH,Base,0,0,2,0,0,0,0,0,0,0,0,2,2,0,0,0,1,0,0,0,0,0,0,2,4,1,4,7
764,2017,LH,Base,0,0,0,0,0,0,0,0,0,0,0,0,3,0,0,0,0,0,0,0,0,0,0,0,3,0,1,3
765,2017,LH,Base,0,0,0,0,0,0,0,0,0,2,0,0,0,0,0,0,1,0,0,0,0,0,2,2,0,3,3,5
766,2017,SI,Flat,0,0,2,0,0,0,0,0,0,0,8,0,0,0,0,0,0,0,0,0,0,0,3,2,8,3,3,13
767,2017,SI,Flat,0,0,0,0,0,0,0,0,0,0,1,0,0,0,0,0,1,0,0,0,0,0,0,0,1,1,2,2
768,2017,SI,Flat,0,0,0,0,0,0,0,0,0,0,11,0,0,0,0,0,0,0,0,0,0,0,4,0,11,4,2,15
769,2017,SI,Flat,0,0,0,0,0,0,1,0,0,0,8,0,0,0,0,0,0,0,0,0,0,0,2,1,8,2,3,11
770,2017,SI,Flat,0,0,0,0,0,0,0,0,0,0,9,0,0,0,0,0,0,0,0,0,0,0,2,0,9,2,2,11
771,2017,SI,Crest,0,0,0,0,0,0,0,1,0,0,9,2,0,0,0,0,0,0,0,0,0,0,2,1,11,2,4,14
772,2017,SI,Crest,0,0,0,0,0,0,0,0,0,0,2,0,0,0,0,0,0,0,0,0,0,0,1,0,2,1,2,3
773,2017,SI,Crest,0,0,2,0,0,0,0,0,1,0,2,0,0,0,0,0,3,0,0,0,0,0,1,3,2,4,5,9
774,2017,SI,Crest,0,0,0,0,0,0,0,0,0,0,8,0,0,0,0,0,0,0,0,0,0,0,2,0,8,2,2,10
775,2017,SI,Crest,0,0,0,0,0,0,0,0,0,0,7,0,0,0,0,0,2,0,0,0,0,0,3,0,7,5,3,12
776,2017,SI,Slope,0,0,4,0,0,0,0,0,0,0,0,0,0,0,0,0,0,0,1,1,0,0,1,4,0,3,4,7
777,2017,SI,Slope,0,0,0,0,0,0,0,1,0,0,0,1,0,0,0,0,0,0,0,0,0,0,0,1,1,0,2,2
778,2017,SI,Slope,1,0,3,0,0,0,0,0,1,0,0,0,0,0,0,0,1,0,0,0,0,0,1,5,0,2,5,7
779,2017,SI,Slope,0,0,3,0,0,0,0,0,0,0,0,0,0,0,0,0,0,0,0,0,0,0,1,3,0,1,2,4
780,2017,SI,Slope,0,0,0,0,0,0,1,0,0,0,0,0,0,0,0,0,2,0,0,0,0,0,1,1,0,3,3,4
781,2017,SI,Base,0,0,0,0,0,0,0,0,0,0,0,0,0,0,0,0,0,0,0,0,0,0,0,0,0,0,0,0
782,2017,SI,Base,0,0,0,0,0,0,0,0,0,0,0,0,0,0,0,0,0,0,0,0,0,0,1,0,0,1,1,1
783,2017,SI,Base,0,0,0,0,0,0,0,1,0,0,0,0,0,0,0,0,0,0,0,0,0,0,2,1,0,2,2,3
784,2017,SI,Base,0,0,0,0,0,0,0,0,0,0,0,0,1,0,0,0,0,0,0,0,0,0,0,0,1,0,1,1
785,2017,SI,Base,0,0,0,0,0,0,0,0,0,0,0,0,0,0,0,0,1,0,1,0,0,0,1,0,0,3,3,3
786,2019,NR,Flat,0,0,0,0,0,0,0,0,0,0,12,0,0,0,0,0,0,0,0,0,0,0,3,0,12,3,2,15
787,2019,NR,Flat,0,0,0,0,0,0,0,0,0,0,15,0,0,0,0,0,0,0,0,0,0,0,0,0,15,0,1,15
788,2019,NR,Flat,0,0,2,0,0,0,0,0,0,0,2,0,0,0,0,0,0,0,0,0,0,0,3,2,2,3,3,7
789,2019,NR,Flat,0,0,0,0,0,0,0,0,0,0,5,0,0,0,0,0,0,0,0,0,0,0,2,0,5,2,2,7
790,2019,NR,Flat,0,0,0,0,0,0,0,0,0,0,11,0,0,0,0,0,0,0,0,0,2,0,2,0,11,4,3,15
791,2019,NR,Crest,0,0,1,0,0,0,0,0,0,0,3,0,0,0,0,0,0,0,0,0,0,0,0,1,3,0,2,4
792,2019,NR,Crest,1,0,0,0,0,0,0,0,0,0,11,0,0,0,0,0,0,0,0,0,0,0,2,1,11,2,3,14
793,2019,NR,Crest,0,0,0,0,0,0,0,0,0,0,9,0,0,0,0,0,0,0,0,0,0,0,2,0,9,2,2,11
794,2019,NR,Crest,0,0,0,0,0,0,0,0,0,0,6,0,0,0,0,0,0,0,0,0,0,0,0,0,6,0,1,6
795,2019,NR,Crest,0,0,0,0,0,0,0,0,0,0,8,0,0,0,0,0,0,0,0,0,0,0,0,0,8,0,1,8
796,2019,NR,Slope,0,1,0,0,1,0,0,0,0,0,6,0,1,0,0,0,0,0,0,0,2,0,1,2,7,3,6,12
797,2019,NR,Slope,0,0,0,0,0,0,0,0,0,2,3,0,6,0,0,0,0,0,0,0,0,0,2,2,9,2,4,13
798,2019,NR,Slope,0,0,2,0,0,0,0,0,0,0,12,0,4,0,0,0,0,0,0,0,0,0,2,2,16,2,4,20
799,2019,NR,Slope,0,0,2,0,0,0,0,0,0,0,8,0,0,0,0,0,0,0,0,0,0,0,4,2,8,4,3,14
800,2019,NR,Slope,3,0,0,0,0,0,0,0,0,0,0,0,1,0,0,0,0,0,0,0,0,0,0,3,1,0,2,4
801,2019,NR,Base,0,0,0,0,0,0,0,0,0,0,1,0,4,0,1,0,0,0,0,0,0,0,0,0,6,0,3,6
802,2019,NR,Base,0,0,0,0,0,0,0,0,0,2,0,2,3,0,0,0,0,0,0,0,0,0,0,2,5,0,3,7
803,2019,NR,Base,0,0,0,0,0,0,0,0,0,0,0,0,2,0,0,0,0,0,0,0,0,0,0,0,2,0,1,2
804,2019,NR,Base,0,0,0,0,0,0,0,0,0,0,0,0,0,0,0,0,2,0,0,0,0,0,2,0,0,4,2,4
805,2019,NR,Base,0,0,0,0,0,0,0,0,0,0,0,0,0,0,0,0,0,0,0,0,0,0,0,0,0,0,0,0
806,2019,WM,Flat,0,0,0,0,0,0,0,0,0,0,1,0,0,0,0,0,0,0,0,0,0,0,0,0,1,0,1,1
807,2019,WM,Flat,0,0,0,0,0,0,0,0,0,0,4,0,0,0,0,0,0,0,0,0,0,0,2,0,4,2,2,6
808,2019,WM,Flat,0,0,0,0,0,0,0,0,0,0,5,0,0,0,0,0,0,0,0,0,0,0,2,0,5,2,2,7
809,2019,WM,Flat,0,0,0,0,0,0,0,0,0,0,4,0,0,0,0,0,0,0,0,0,0,0,0,0,4,0,1,4
810,2019,WM,Flat,0,0,0,0,0,0,0,0,0,0,2,0,0,0,0,0,0,0,0,0,0,0,2,0,2,2,2,4
811,2019,WM,Crest,0,0,2,0,0,0,0,0,0,0,3,0,0,0,0,0,0,0,0,0,2,0,0,2,3,2,3,7
812,2019,WM,Crest,0,0,2,0,0,0,0,0,0,0,0,0,0,0,0,0,0,0,0,0,1,0,2,2,0,3,3,5
813,2019,WM,Crest,0,0,2,0,0,0,0,0,0,0,5,2,0,0,0,0,0,0,0,0,0,0,0,2,7,0,3,9
814,2019,WM,Crest,1,0,0,0,0,0,0,0,0,0,4,0,0,0,0,0,0,0,0,0,4,0,2,1,4,6,4,11
815,2019,WM,Crest,0,0,2,0,0,0,0,0,0,0,0,0,0,0,0,0,0,0,0,0,0,0,0,2,0,0,1,2
816,2019,WM,Slope,0,0,2,0,0,0,0,1,0,0,0,0,0,0,0,0,0,0,0,0,0,0,1,3,0,1,3,4
817,2019,WM,Slope,0,0,2,0,0,0,0,0,0,0,0,0,0,0,0,0,0,0,0,0,0,0,2,2,0,2,2,4
818,2019,WM,Slope,2,0,2,0,0,0,0,0,0,0,3,0,1,0,0,0,0,0,0,0,4,0,2,4,4,6,6,14
819,2019,WM,Slope,0,0,0,0,0,0,0,0,0,0,1,0,0,0,0,0,0,0,1,0,0,0,2,0,1,3,3,4
820,2019,WM,Slope,0,0,4,0,0,0,0,0,0,0,2,0,0,0,1,0,0,0,1,0,0,0,0,4,3,1,4,8
821,2019,WM,Base,0,0,0,0,0,0,0,1,0,0,0,0,0,0,0,0,3,0,0,0,0,0,0,1,0,3,2,4
822,2019,WM,Base,0,0,0,0,0,0,0,0,0,0,0,0,0,0,0,0,2,0,0,0,0,0,0,0,0,2,1,2
823,2019,WM,Base,0,0,0,0,0,0,0,0,0,0,0,0,3,0,0,0,0,0,0,0,0,0,4,0,3,4,2,7
824,2019,WM,Base,0,0,0,0,0,0,0,1,0,0,0,0,0,0,1,0,0,0,0,0,0,0,2,1,1,2,3,4
825,2019,WM,Base,0,0,0,0,0,0,0,0,0,0,1,0,0,0,1,0,2,0,2,0,0,0,4,0,2,8,5,10
826,2019,LH,Flat,0,0,0,0,0,0,0,0,0,0,4,0,0,0,0,0,0,0,0,0,0,0,0,0,4,0,1,4
827,2019,LH,Flat,0,0,0,0,0,0,0,0,0,0,4,0,0,0,0,0,0,0,0,0,0,0,0,0,4,0,1,4
828,2019,LH,Flat,0,0,0,0,0,0,0,0,0,0,9,0,0,0,0,0,0,0,0,0,0,0,0,0,9,0,1,9
829,2019,LH,Flat,0,0,0,0,0,0,0,0,0,0,5,0,0,0,0,0,2,0,0,0,0,0,0,0,5,2,2,7
830,2019,LH,Flat,0,0,0,0,0,0,0,0,0,0,2,0,1,0,0,0,0,0,0,0,0,0,1,0,3,1,3,4
831,2019,LH,Crest,0,0,0,0,0,0,0,0,0,0,9,0,1,0,0,0,2,0,0,0,0,0,0,0,10,2,3,12
832,2019,LH,Crest,0,0,0,0,0,0,0,0,0,0,2,0,2,0,0,0,0,0,0,0,0,0,0,0,4,0,2,4
833,2019,LH,Crest,0,0,0,0,0,0,0,0,0,0,3,0,0,0,0,0,1,0,0,0,0,0,0,0,3,1,2,4
834,2019,LH,Crest,0,0,0,0,0,0,0,0,0,0,1,0,0,0,0,0,0,0,0,0,0,0,2,0,1,2,2,3
835,2019,LH,Crest,0,0,0,0,0,0,0,0,0,0,3,0,0,0,0,0,2,0,2,0,0,0,0,0,3,4,3,7
836,2019,LH,Slope,0,0,0,0,0,0,0,0,1,3,4,0,0,0,0,0,1,0,0,0,0,0,0,4,4,1,4,9
837,2019,LH,Slope,0,0,2,0,0,0,0,0,0,1,0,0,0,0,0,0,0,0,0,0,0,0,2,3,0,2,3,5
838,2019,LH,Slope,0,0,2,0,0,0,0,0,0,0,0,1,0,0,0,0,0,0,0,0,0,0,2,2,1,2,3,5
839,2019,LH,Slope,0,0,4,0,0,0,0,0,0,0,0,0,0,0,0,0,1,0,0,3,0,0,2,4,0,6,4,10
840,2019,LH,Slope,0,0,2,0,0,0,0,0,0,0,0,0,0,0,0,0,1,0,0,0,0,0,3,2,0,4,3,6
841,2019,LH,Base,0,0,0,0,0,0,0,0,0,0,1,0,5,0,0,0,1,0,0,0,0,0,0,0,6,1,3,7
842,2019,LH,Base,0,0,0,0,0,0,0,0,0,0,0,0,0,1,0,0,1,0,0,0,0,0,1,0,1,2,3,3
843,2019,LH,Base,0,0,0,0,0,0,0,0,0,0,0,0,0,1,0,0,0,0,0,0,0,0,2,0,1,2,2,3
844,2019,LH,Base,0,0,0,0,0,0,0,0,0,0,0,0,0,0,0,0,0,0,0,0,0,0,0,0,0,0,0,0
845,2019,LH,Base,0,0,0,0,0,0,0,0,0,0,0,0,0,0,0,0,0,0,0,0,0,0,0,0,0,0,0,0
846,2019,SI,Flat,0,0,0,0,0,0,0,0,0,0,2,0,0,0,0,0,0,0,0,0,0,0,3,0,2,3,2,5
847,2019,SI,Flat,0,0,0,0,0,0,0,0,0,0,4,0,0,0,0,0,0,0,0,0,0,0,2,0,4,2,2,6
848,2019,SI,Flat,0,0,2,0,0,0,0,0,0,0,0,0,0,0,0,0,0,0,0,0,0,0,3,2,0,3,2,5
849,2019,SI,Flat,0,0,0,0,0,0,0,0,0,0,1,0,1,0,0,0,0,0,0,0,0,0,2,0,2,2,3,4
850,2019,SI,Flat,0,0,0,0,0,0,0,0,0,0,1,0,7,0,0,0,0,0,0,0,0,0,10,0,8,10,3,18
851,2019,SI,Crest,0,0,0,0,0,0,0,0,0,0,1,0,0,0,0,0,0,0,0,0,0,0,1,0,1,1,2,2
852,2019,SI,Crest,0,0,0,0,0,0,0,0,0,0,1,0,0,0,0,0,0,0,0,0,0,0,1,0,1,1,2,2
853,2019,SI,Crest,0,0,0,0,0,0,0,0,0,0,1,0,0,0,0,0,2,0,0,0,0,0,0,0,1,2,2,3
854,2019,SI,Crest,0,0,0,0,0,0,0,0,0,0,2,0,0,0,0,0,0,0,0,0,0,0,0,0,2,0,1,2
855,2019,SI,Crest,0,0,0,0,0,0,0,0,0,0,1,0,2,0,0,0,0,0,0,0,0,0,6,0,3,6,3,9
856,2019,SI,Slope,0,0,0,0,0,0,0,1,0,0,0,0,0,0,0,0,0,0,0,0,0,0,4,1,0,4,2,5
857,2019,SI,Slope,2,0,0,0,0,0,0,2,0,0,0,0,0,0,0,0,1,0,0,0,0,0,0,4,0,1,3,5
858,2019,SI,Slope,0,0,0,0,0,0,0,0,0,0,0,1,0,0,0,0,0,0,0,0,0,0,0,0,1,0,1,1
859,2019,SI,Slope,0,0,2,0,0,0,0,1,0,0,0,0,0,0,0,0,1,0,0,0,0,0,2,3,0,3,4,6
860,2019,SI,Slope,0,0,0,0,0,0,0,1,0,0,0,0,0,0,0,0,0,0,0,0,0,0,0,1,0,0,1,1
861,2019,SI,Base,0,0,0,0,0,0,0,0,0,0,0,0,0,0,0,0,1,0,0,0,0,0,0,0,0,1,1,1
862,2019,SI,Base,0,0,0,0,0,0,0,0,0,0,0,0,0,0,0,0,0,0,0,0,0,0,1,0,0,1,1,1
863,2019,SI,Base,0,0,0,0,0,0,0,0,0,0,0,0,1,0,0,0,0,0,0,0,0,0,0,0,1,0,1,1
864,2019,SI,Base,0,0,0,0,0,0,0,0,0,0,0,0,2,0,0,0,0,0,0,0,0,0,0,0,2,0,1,2
865,2019,SI,Base,0,0,0,0,0,0,0,0,0,0,0,0,3,0,0,0,0,0,0,0,0,0,0,0,3,0,1,3
866,2020,NR,Flat,0,0,0,0,0,0,0,0,0,0,3,0,0,0,0,0,0,0,0,0,0,0,0,0,3,0,1,3
867,2020,NR,Flat,0,0,0,0,0,0,0,0,0,0,2,0,0,0,0,0,0,0,0,0,0,0,2,0,2,2,2,4
868,2020,NR,Flat,0,0,0,0,0,0,0,0,0,0,0,0,0,0,0,0,0,0,0,0,0,0,0,0,0,0,0,0
869,2020,NR,Flat,0,0,0,0,0,0,0,0,0,0,1,0,0,0,0,0,0,0,1,0,0,0,1,0,1,2,3,3
870,2020,NR,Flat,0,0,0,0,0,0,0,0,0,0,2,0,0,0,0,0,0,0,0,0,0,0,0,0,2,0,1,2
871,2020,NR,Crest,0,0,2,0,0,0,0,0,0,0,4,2,0,0,0,0,0,0,0,0,0,0,4,2,6,4,4,12
872,2020,NR,Crest,1,0,2,0,0,0,0,0,0,0,4,0,0,0,0,0,0,1,0,0,0,0,0,3,4,1,4,8
873,2020,NR,Crest,0,0,0,0,0,0,0,0,0,0,0,0,0,0,0,0,0,0,0,0,0,0,0,0,0,0,0,0
874,2020,NR,Crest,0,0,0,0,0,0,0,0,0,0,10,0,0,0,0,0,0,0,0,0,0,0,2,0,10,2,2,12
875,2020,NR,Crest,0,0,0,0,0,0,1,0,0,0,7,1,0,0,0,0,0,0,0,0,0,0,0,1,8,0,3,9
876,2020,NR,Slope,0,0,0,0,0,0,0,0,0,0,0,0,0,0,0,0,0,0,0,0,0,0,0,0,0,0,0,0
877,2020,NR,Slope,1,0,0,0,0,0,0,0,0,0,2,0,0,0,0,0,0,0,0,0,0,0,4,1,2,4,3,7
878,2020,NR,Slope,2,0,2,0,0,0,0,0,0,0,0,0,0,0,0,0,0,0,0,0,0,0,0,4,0,0,2,4
879,2020,NR,Slope,0,0,0,0,0,0,0,0,0,0,3,1,0,0,0,0,0,0,0,0,0,0,2,0,4,2,3,6
880,2020,NR,Slope,0,0,0,0,0,0,0,0,1,0,3,0,0,0,0,0,0,0,0,0,1,0,1,1,3,2,4,6
881,2020,NR,Base,0,0,3,0,0,0,0,0,0,0,0,0,3,0,0,0,0,0,0,0,0,0,0,3,3,0,2,6
882,2020,NR,Base,0,0,0,0,0,0,0,0,0,0,0,0,2,0,0,0,0,0,0,0,0,0,0,0,2,0,1,2
883,2020,NR,Base,0,0,0,0,0,0,0,0,0,0,1,0,1,0,0,0,0,0,0,0,0,0,2,0,2,2,3,4
884,2020,NR,Base,0,0,0,0,0,0,0,0,0,0,3,0,4,0,0,0,0,0,0,0,0,0,0,0,7,0,2,7
885,2020,NR,Base,0,0,0,0,0,0,0,0,0,0,0,0,1,0,0,0,0,0,0,0,0,0,1,0,1,1,2,2
886,2020,WM,Flat,0,0,0,0,0,0,0,0,0,0,2,0,0,0,0,0,0,0,0,0,0,0,2,0,2,2,2,4
887,2020,WM,Flat,0,0,0,0,0,0,0,0,0,0,2,0,0,0,0,0,0,0,0,0,0,0,0,0,2,0,1,2
888,2020,WM,Flat,0,0,0,0,0,0,0,0,0,0,6,0,0,0,0,0,0,0,0,0,0,0,0,0,6,0,1,6
889,2020,WM,Flat,0,0,0,0,0,0,0,0,0,0,2,0,0,0,0,0,0,0,0,0,0,0,2,0,2,2,2,4
890,2020,WM,Flat,0,0,0,0,0,0,0,0,0,0,3,0,0,0,0,0,0,0,0,0,0,0,2,0,3,2,2,5
891,2020,WM,Crest,0,0,0,0,0,0,0,0,0,0,2,1,0,0,0,0,0,0,0,0,2,0,2,0,3,4,4,7
892,2020,WM,Crest,0,0,2,0,0,0,0,0,0,0,2,0,0,0,0,0,0,0,0,0,0,0,0,2,2,0,2,4
893,2020,WM,Crest,1,0,0,0,0,0,0,0,0,0,2,0,0,0,0,0,0,0,0,0,0,0,0,1,2,0,2,3
894,2020,WM,Crest,0,0,2,0,0,0,0,0,0,0,0,0,0,0,0,0,0,0,1,0,0,0,0,2,0,1,2,3
895,2020,WM,Crest,0,0,0,0,0,0,0,0,0,0,1,0,0,0,0,0,0,0,0,0,0,0,1,0,1,1,2,2
896,2020,WM,Slope,0,0,2,0,0,0,0,0,0,0,0,0,0,0,0,0,0,0,0,0,0,0,0,2,0,0,1,2
897,2020,WM,Slope,0,0,2,0,0,0,0,0,0,0,1,0,0,0,0,0,0,0,0,0,0,0,0,2,1,0,2,3
898,2020,WM,Slope,1,0,0,0,0,0,0,0,0,0,0,0,0,0,1,0,0,0,0,2,0,0,0,1,1,2,3,4
899,2020,WM,Slope,0,0,2,1,0,0,0,0,0,0,0,0,0,0,0,0,2,0,0,0,0,0,2,3,0,4,4,7
900,2020,WM,Slope,0,0,0,0,0,0,0,0,0,0,0,0,0,0,0,0,0,0,0,0,0,0,2,0,0,2,1,2
901,2020,WM,Base,0,0,0,0,0,0,0,0,0,0,0,0,0,0,0,0,0,0,0,0,0,0,1,0,0,1,1,1
902,2020,WM,Base,0,0,1,0,0,0,0,0,0,0,0,0,0,0,0,0,0,0,0,0,0,0,0,1,0,0,1,1
903,2020,WM,Base,0,0,0,0,0,0,0,0,0,0,0,0,0,0,0,0,0,0,0,0,0,0,2,0,0,2,1,2
904,2020,WM,Base,0,0,0,0,0,0,0,0,1,0,0,0,0,0,0,0,2,0,0,0,0,0,2,1,0,4,3,5
905,2020,WM,Base,0,0,0,0,0,0,0,0,0,0,0,0,0,0,0,0,0,0,0,0,0,0,0,0,0,0,0,0
906,2020,LH,Flat,0,0,0,0,0,0,0,0,0,0,1,0,0,0,0,0,2,0,0,0,0,0,1,0,1,3,3,4
907,2020,LH,Flat,0,0,0,0,0,0,0,0,0,0,6,0,1,0,0,0,0,0,0,0,0,0,0,0,7,0,2,7
908,2020,LH,Flat,0,0,0,0,0,0,0,0,0,0,3,0,1,0,0,0,0,0,0,0,0,0,0,0,4,0,2,4
909,2020,LH,Flat,0,0,0,0,0,0,0,0,0,0,2,0,0,0,0,0,0,0,0,0,0,0,0,0,2,0,1,2
910,2020,LH,Flat,0,0,0,0,0,0,0,0,0,0,6,0,0,0,0,0,1,0,0,0,0,0,3,0,6,4,3,10
911,2020,LH,Crest,0,0,1,0,0,0,0,0,0,2,0,1,0,0,0,0,0,0,0,0,0,0,3,3,1,3,4,7
912,2020,LH,Crest,0,0,0,0,0,0,0,0,0,0,1,1,0,0,0,0,0,0,0,0,0,0,0,0,2,0,2,2
913,2020,LH,Crest,0,0,0,0,0,0,0,0,0,0,2,0,1,0,0,0,0,0,0,0,0,0,2,0,3,2,3,5
914,2020,LH,Crest,0,0,0,0,0,0,0,0,0,0,0,0,0,0,0,0,1,0,0,0,0,0,2,0,0,3,2,3
915,2020,LH,Crest,0,0,0,0,0,0,0,0,0,0,0,0,0,0,0,0,0,0,1,0,0,0,0,0,0,1,1,1
916,2020,LH,Slope,0,0,2,0,0,0,0,0,0,0,0,0,0,0,0,0,0,0,0,0,0,0,0,2,0,0,1,2
917,2020,LH,Slope,0,0,0,0,0,0,0,0,0,0,0,0,0,0,0,0,0,0,0,0,0,0,2,0,0,2,1,2
918,2020,LH,Slope,1,0,0,0,0,0,0,0,0,2,0,0,2,0,0,0,1,0,0,0,0,0,0,3,2,1,4,6
919,2020,LH,Slope,0,0,0,0,0,0,0,0,0,1,0,0,0,0,0,0,0,0,0,0,0,0,2,1,0,2,2,3
920,2020,LH,Slope,0,0,2,0,0,0,0,0,0,0,0,0,1,0,0,0,0,0,0,0,0,0,1,2,1,1,3,4
921,2020,LH,Base,0,0,0,0,0,0,0,0,0,0,0,0,0,1,0,0,0,0,0,0,0,0,3,0,1,3,2,4
922,2020,LH,Base,0,0,2,0,0,0,0,0,0,0,0,0,0,1,0,0,1,0,0,0,0,0,0,2,1,1,3,4
923,2020,LH,Base,0,0,4,0,0,0,0,0,0,1,0,0,0,0,0,0,0,0,0,0,0,0,0,5,0,0,2,5
924,2020,LH,Base,0,0,2,0,0,0,0,0,0,0,0,0,0,0,0,0,3,0,0,0,0,0,0,2,0,3,2,5
925,2020,LH,Base,0,0,0,0,0,0,0,0,0,2,0,0,0,0,0,0,0,0,0,0,0,0,3,2,0,3,2,5
926,2020,SI,Flat,0,0,0,0,0,0,0,0,0,0,4,0,0,0,0,0,0,0,0,0,0,0,2,0,4,2,2,6
927,2020,SI,Flat,0,0,0,0,0,0,0,0,0,0,2,0,0,0,0,0,0,0,0,0,0,0,0,0,2,0,1,2
928,2020,SI,Flat,0,0,2,0,0,0,0,0,0,0,3,0,0,0,0,0,0,0,0,0,0,0,0,2,3,0,2,5
929,2020,SI,Flat,0,0,0,0,0,0,0,0,0,0,4,0,0,0,0,0,0,0,0,0,0,0,2,0,4,2,2,6
930,2020,SI,Flat,0,0,0,0,0,0,0,0,0,0,2,0,0,0,0,0,0,0,0,0,0,0,0,0,2,0,1,2
931,2020,SI,Crest,0,0,2,0,0,0,0,0,0,0,1,0,0,0,0,0,1,0,0,0,0,0,0,2,1,1,3,4
932,2020,SI,Crest,0,0,2,0,0,0,0,0,0,0,0,0,0,0,0,0,0,0,0,0,0,0,0,2,0,0,1,2
933,2020,SI,Crest,0,0,0,0,0,0,0,0,0,0,0,0,0,0,0,0,0,0,0,0,0,0,0,0,0,0,0,0
934,2020,SI,Crest,0,0,0,0,0,0,0,0,0,0,5,0,0,0,0,0,0,0,0,0,0,0,0,0,5,0,1,5
935,2020,SI,Crest,0,0,0,0,0,0,0,1,0,0,4,0,0,0,0,0,2,0,0,0,0,0,6,1,4,8,4,13
936,2020,SI,Slope,0,0,0,0,0,0,0,0,0,0,0,2,0,0,0,0,0,0,0,0,0,0,2,0,2,2,2,4
937,2020,SI,Slope,0,0,0,0,0,0,0,0,0,0,0,0,0,0,0,0,0,0,0,0,0,0,2,0,0,2,1,2
938,2020,SI,Slope,1,0,0,0,0,0,0,1,0,0,0,0,0,0,0,0,1,0,0,0,0,0,0,2,0,1,3,3
939,2020,SI,Slope,0,0,0,0,0,0,0,0,0,0,0,0,0,0,0,0,0,0,0,0,0,0,0,0,0,0,0,0
940,2020,SI,Slope,0,0,0,0,0,0,0,0,0,0,0,0,0,0,0,0,0,0,0,0,0,0,2,0,0,2,1,2
941,2020,SI,Base,0,0,0,0,0,0,0,0,0,0,0,0,3,0,0,0,2,0,0,0,0,0,2,0,3,4,3,7
942,2020,SI,Base,0,0,0,0,0,0,0,1,0,0,0,0,0,1,0,0,0,0,0,0,0,0,0,1,1,0,2,2
943,2020,SI,Base,0,0,0,1,0,0,0,0,0,0,0,0,0,0,0,0,1,0,0,0,0,0,0,1,0,1,2,2
944,2020,SI,Base,0,0,0,0,0,0,0,0,0,0,0,0,0,0,0,0,0,0,0,0,0,0,2,0,0,2,1,2
945,2020,SI,Base,0,0,1,0,0,0,0,0,0,0,0,0,0,0,0,0,1,0,0,0,0,0,0,1,0,1,2,2
